--
-- PostgreSQL database dump
--

\restrict 4MVftlOaMBhfhRDHGNV10kb3Fg4rhpOLk1hQsCK6UMgaMkbzD66v7fReRaRpN7E

-- Dumped from database version 17.6 (Debian 17.6-2.pgdg13+1)
-- Dumped by pg_dump version 17.6 (Debian 17.6-2.pgdg13+1)

SET statement_timeout = 0;
SET lock_timeout = 0;
SET idle_in_transaction_session_timeout = 0;
SET transaction_timeout = 0;
SET client_encoding = 'UTF8';
SET standard_conforming_strings = on;
SELECT pg_catalog.set_config('search_path', '', false);
SET check_function_bodies = false;
SET xmloption = content;
SET client_min_messages = warning;
SET row_security = off;

SET default_tablespace = '';

SET default_table_access_method = heap;

--
-- Name: Activity List; Type: TABLE; Schema: public; Owner: postgres
--

CREATE TABLE public."Activity List" (
    "ActivityList_id" integer NOT NULL,
    program character varying(100) NOT NULL,
    rev_gen boolean NOT NULL,
    active boolean NOT NULL,
    fphs character varying(20) NOT NULL,
    dept_id integer NOT NULL,
    fund_id character varying(20) NOT NULL,
    item_id integer NOT NULL,
    "payType" character varying(10) NOT NULL
);


ALTER TABLE public."Activity List" OWNER TO postgres;

--
-- Name: Activity List_program_id_seq; Type: SEQUENCE; Schema: public; Owner: postgres
--

ALTER TABLE public."Activity List" ALTER COLUMN "ActivityList_id" ADD GENERATED BY DEFAULT AS IDENTITY (
    SEQUENCE NAME public."Activity List_program_id_seq"
    START WITH 1
    INCREMENT BY 1
    NO MINVALUE
    NO MAXVALUE
    CACHE 1
);


--
-- Name: Benefits; Type: TABLE; Schema: public; Owner: postgres
--

CREATE TABLE public."Benefits" (
    id bigint NOT NULL,
    hrs_per_pay numeric(6,2) NOT NULL,
    vac_elig boolean NOT NULL,
    ins_type character varying(10) NOT NULL,
    board_ins_share numeric(15,2) NOT NULL,
    life_rate character varying(10) NOT NULL,
    employee_id integer NOT NULL
);


ALTER TABLE public."Benefits" OWNER TO postgres;

--
-- Name: Benefits_id_seq; Type: SEQUENCE; Schema: public; Owner: postgres
--

ALTER TABLE public."Benefits" ALTER COLUMN id ADD GENERATED BY DEFAULT AS IDENTITY (
    SEQUENCE NAME public."Benefits_id_seq"
    START WITH 1
    INCREMENT BY 1
    NO MINVALUE
    NO MAXVALUE
    CACHE 1
);


--
-- Name: Budget Actions; Type: TABLE; Schema: public; Owner: postgres
--

CREATE TABLE public."Budget Actions" (
    ba_id integer NOT NULL,
    ba_date date NOT NULL,
    fssf_from character varying(20) NOT NULL,
    fssf_to character varying(20) NOT NULL,
    comment character varying(255) NOT NULL,
    amount numeric(15,2) NOT NULL,
    approved boolean NOT NULL,
    fs_res_no integer NOT NULL
);


ALTER TABLE public."Budget Actions" OWNER TO postgres;

--
-- Name: Budget Actions_ba_id_seq; Type: SEQUENCE; Schema: public; Owner: postgres
--

ALTER TABLE public."Budget Actions" ALTER COLUMN ba_id ADD GENERATED BY DEFAULT AS IDENTITY (
    SEQUENCE NAME public."Budget Actions_ba_id_seq"
    START WITH 1
    INCREMENT BY 1
    NO MINVALUE
    NO MAXVALUE
    CACHE 1
);


--
-- Name: Carryover; Type: TABLE; Schema: public; Owner: postgres
--

CREATE TABLE public."Carryover" (
    co_id integer NOT NULL,
    fy integer NOT NULL,
    co_amount numeric(15,2) NOT NULL,
    encumbered numeric(15,2) NOT NULL,
    year_end_balance numeric(15,2) NOT NULL,
    beg_balance numeric(15,2) NOT NULL,
    fy_beg_date date NOT NULL,
    fy_end_date date NOT NULL,
    dept_id integer NOT NULL,
    fund_id character varying(20) NOT NULL
);


ALTER TABLE public."Carryover" OWNER TO postgres;

--
-- Name: Carryover_co_id_seq; Type: SEQUENCE; Schema: public; Owner: postgres
--

ALTER TABLE public."Carryover" ALTER COLUMN co_id ADD GENERATED BY DEFAULT AS IDENTITY (
    SEQUENCE NAME public."Carryover_co_id_seq"
    START WITH 1
    INCREMENT BY 1
    NO MINVALUE
    NO MAXVALUE
    CACHE 1
);


--
-- Name: Departments; Type: TABLE; Schema: public; Owner: postgres
--

CREATE TABLE public."Departments" (
    dept_id integer NOT NULL,
    dept_name character varying(255) NOT NULL
);


ALTER TABLE public."Departments" OWNER TO postgres;

--
-- Name: Departments_dept_id_seq; Type: SEQUENCE; Schema: public; Owner: postgres
--

ALTER TABLE public."Departments" ALTER COLUMN dept_id ADD GENERATED BY DEFAULT AS IDENTITY (
    SEQUENCE NAME public."Departments_dept_id_seq"
    START WITH 1
    INCREMENT BY 1
    NO MINVALUE
    NO MAXVALUE
    CACHE 1
);


--
-- Name: Employees; Type: TABLE; Schema: public; Owner: postgres
--

CREATE TABLE public."Employees" (
    employee_id integer NOT NULL,
    first_name character varying(255) NOT NULL,
    surname character varying(255) NOT NULL,
    street_address character varying(255) NOT NULL,
    city character varying(255) NOT NULL,
    state character varying(2) NOT NULL,
    zip_code integer NOT NULL,
    phone character varying(12) NOT NULL,
    dob date NOT NULL,
    ssn character varying(11) NOT NULL,
    hire_date date NOT NULL,
    yos double precision NOT NULL,
    job_title character varying(255) NOT NULL,
    pay_rate numeric(10,2) NOT NULL,
    dept_id integer,
    "specialFund_id" character varying(20) NOT NULL,
    user_id integer NOT NULL,
    "adminPayFund_id" character varying(20) NOT NULL,
    "payItem_id" integer NOT NULL,
    "specialPayItem_id" integer NOT NULL,
    email character varying(254) NOT NULL
);


ALTER TABLE public."Employees" OWNER TO postgres;

--
-- Name: Expense; Type: TABLE; Schema: public; Owner: postgres
--

CREATE TABLE public."Expense" (
    id bigint NOT NULL,
    date date NOT NULL,
    amount numeric(20,2) NOT NULL,
    warrant integer NOT NULL,
    comment character varying(500) NOT NULL,
    "ActivityList_id" integer NOT NULL,
    employee_id integer NOT NULL,
    line_id character varying(20) NOT NULL,
    people_id integer NOT NULL,
    item_id integer NOT NULL,
    "grantLine_id" integer
);


ALTER TABLE public."Expense" OWNER TO postgres;

--
-- Name: Expense_id_seq; Type: SEQUENCE; Schema: public; Owner: postgres
--

ALTER TABLE public."Expense" ALTER COLUMN id ADD GENERATED BY DEFAULT AS IDENTITY (
    SEQUENCE NAME public."Expense_id_seq"
    START WITH 1
    INCREMENT BY 1
    NO MINVALUE
    NO MAXVALUE
    CACHE 1
);


--
-- Name: Funds; Type: TABLE; Schema: public; Owner: postgres
--

CREATE TABLE public."Funds" (
    fund_id character varying(20) NOT NULL,
    fund_name character varying(255) NOT NULL,
    fund_cash_balance numeric(15,2) NOT NULL,
    sof character varying(10) NOT NULL,
    dept_id integer,
    fund_total numeric(15,2) NOT NULL,
    year integer NOT NULL
);


ALTER TABLE public."Funds" OWNER TO postgres;

--
-- Name: Grant Items; Type: TABLE; Schema: public; Owner: postgres
--

CREATE TABLE public."Grant Items" (
    item_id integer NOT NULL,
    fund_type character varying(50) NOT NULL,
    fund_year integer NOT NULL,
    item_name character varying(255) NOT NULL,
    line_item character varying(255) NOT NULL,
    category character varying(50) NOT NULL,
    fee_based boolean NOT NULL,
    month integer NOT NULL,
    line_id character varying(20) NOT NULL
);


ALTER TABLE public."Grant Items" OWNER TO postgres;

--
-- Name: Grant Items_item_id_seq; Type: SEQUENCE; Schema: public; Owner: postgres
--

ALTER TABLE public."Grant Items" ALTER COLUMN item_id ADD GENERATED BY DEFAULT AS IDENTITY (
    SEQUENCE NAME public."Grant Items_item_id_seq"
    START WITH 1
    INCREMENT BY 1
    NO MINVALUE
    NO MAXVALUE
    CACHE 1
);


--
-- Name: Grant Lines; Type: TABLE; Schema: public; Owner: postgres
--

CREATE TABLE public."Grant Lines" (
    grantline_id integer NOT NULL,
    fund_year smallint NOT NULL,
    line_name character varying(255) NOT NULL,
    line_budgeted numeric(15,2) NOT NULL,
    grant_id integer NOT NULL,
    "lineType" character varying NOT NULL
);


ALTER TABLE public."Grant Lines" OWNER TO postgres;

--
-- Name: Grant Lines_line_id_seq; Type: SEQUENCE; Schema: public; Owner: postgres
--

ALTER TABLE public."Grant Lines" ALTER COLUMN grantline_id ADD GENERATED BY DEFAULT AS IDENTITY (
    SEQUENCE NAME public."Grant Lines_line_id_seq"
    START WITH 1
    INCREMENT BY 1
    NO MINVALUE
    NO MAXVALUE
    CACHE 1
);


--
-- Name: Grants; Type: TABLE; Schema: public; Owner: postgres
--

CREATE TABLE public."Grants" (
    grant_id integer NOT NULL,
    grant_name character varying(30) NOT NULL,
    grant_year smallint NOT NULL,
    cfda character varying(8) NOT NULL,
    program_name character varying(150) NOT NULL,
    award_amount numeric(15,2) NOT NULL,
    pt_no character varying(8) NOT NULL,
    active boolean NOT NULL,
    beg_date date NOT NULL,
    end_date date NOT NULL,
    fsid character varying(10) NOT NULL,
    funder character varying(50) NOT NULL,
    fund_id character varying(20) NOT NULL,
    "maxRevenueLines" integer NOT NULL,
    CONSTRAINT "Grants_grant_year_check" CHECK ((grant_year >= 0))
);


ALTER TABLE public."Grants" OWNER TO postgres;

--
-- Name: Grants_grant_id_seq; Type: SEQUENCE; Schema: public; Owner: postgres
--

ALTER TABLE public."Grants" ALTER COLUMN grant_id ADD GENERATED BY DEFAULT AS IDENTITY (
    SEQUENCE NAME public."Grants_grant_id_seq"
    START WITH 1
    INCREMENT BY 1
    NO MINVALUE
    NO MAXVALUE
    CACHE 1
);


--
-- Name: Items; Type: TABLE; Schema: public; Owner: postgres
--

CREATE TABLE public."Items" (
    item_id integer NOT NULL,
    fund_type character varying(50) NOT NULL,
    fund_year integer NOT NULL,
    item_name character varying(255) NOT NULL,
    line_item character varying(255) NOT NULL,
    category character varying(50) NOT NULL,
    fee_based boolean NOT NULL,
    month integer NOT NULL,
    fund_id character varying(20) NOT NULL,
    line_id character varying(20) NOT NULL
);


ALTER TABLE public."Items" OWNER TO postgres;

--
-- Name: Items_item_id_seq; Type: SEQUENCE; Schema: public; Owner: postgres
--

ALTER TABLE public."Items" ALTER COLUMN item_id ADD GENERATED BY DEFAULT AS IDENTITY (
    SEQUENCE NAME public."Items_item_id_seq"
    START WITH 1
    INCREMENT BY 1
    NO MINVALUE
    NO MAXVALUE
    CACHE 1
);


--
-- Name: Lines; Type: TABLE; Schema: public; Owner: postgres
--

CREATE TABLE public."Lines" (
    line_id character varying(20) NOT NULL,
    fund_year smallint NOT NULL,
    line_name character varying(255) NOT NULL,
    line_budgeted numeric(15,2) NOT NULL,
    fund_id character varying(20) NOT NULL,
    dept_id integer,
    "lineType" character varying NOT NULL
);


ALTER TABLE public."Lines" OWNER TO postgres;

--
-- Name: PayPeriod; Type: TABLE; Schema: public; Owner: postgres
--

CREATE TABLE public."PayPeriod" (
    "periodStart" date NOT NULL,
    "periodEnd" date NOT NULL,
    payperiod_id character varying(7) NOT NULL
);


ALTER TABLE public."PayPeriod" OWNER TO postgres;

--
-- Name: Payroll; Type: TABLE; Schema: public; Owner: postgres
--

CREATE TABLE public."Payroll" (
    beg_date date NOT NULL,
    end_date date NOT NULL,
    hours numeric(6,2) NOT NULL,
    pay_amount numeric(15,2) NOT NULL,
    "ActivityList_id" integer NOT NULL,
    employee_id integer NOT NULL,
    id bigint NOT NULL,
    payperiod_id character varying(7) NOT NULL
);


ALTER TABLE public."Payroll" OWNER TO postgres;

--
-- Name: Payroll_id_seq; Type: SEQUENCE; Schema: public; Owner: postgres
--

ALTER TABLE public."Payroll" ALTER COLUMN id ADD GENERATED BY DEFAULT AS IDENTITY (
    SEQUENCE NAME public."Payroll_id_seq"
    START WITH 1
    INCREMENT BY 1
    NO MINVALUE
    NO MAXVALUE
    CACHE 1
);


--
-- Name: Peoples; Type: TABLE; Schema: public; Owner: postgres
--

CREATE TABLE public."Peoples" (
    people_id integer NOT NULL,
    name character varying(255) NOT NULL,
    address character varying(255) NOT NULL,
    city character varying(100) NOT NULL,
    state character varying(2) NOT NULL,
    zip_code character varying(10) NOT NULL,
    phone character varying(12) NOT NULL,
    email character varying(254) NOT NULL,
    primary_contact character varying(255),
    ein character varying(10),
    account_number character varying(50)
);


ALTER TABLE public."Peoples" OWNER TO postgres;

--
-- Name: Revenue; Type: TABLE; Schema: public; Owner: postgres
--

CREATE TABLE public."Revenue" (
    id bigint NOT NULL,
    date date NOT NULL,
    amount numeric(20,2) NOT NULL,
    "payType" character varying(20) NOT NULL,
    comment character varying(500) NOT NULL,
    "ActivityList_id" integer NOT NULL,
    employee_id integer NOT NULL,
    line_id character varying(20) NOT NULL,
    people_id integer NOT NULL,
    item_id integer NOT NULL,
    "grantLine_id" integer,
    reference integer NOT NULL
);


ALTER TABLE public."Revenue" OWNER TO postgres;

--
-- Name: Revenue_id_seq; Type: SEQUENCE; Schema: public; Owner: postgres
--

ALTER TABLE public."Revenue" ALTER COLUMN id ADD GENERATED BY DEFAULT AS IDENTITY (
    SEQUENCE NAME public."Revenue_id_seq"
    START WITH 1
    INCREMENT BY 1
    NO MINVALUE
    NO MAXVALUE
    CACHE 1
);


--
-- Name: Testing; Type: TABLE; Schema: public; Owner: postgres
--

CREATE TABLE public."Testing" (
    id bigint NOT NULL,
    testing_name character varying(200) NOT NULL,
    fund_year integer,
    fund_id character varying(20) NOT NULL
);


ALTER TABLE public."Testing" OWNER TO postgres;

--
-- Name: Testing_id_seq; Type: SEQUENCE; Schema: public; Owner: postgres
--

ALTER TABLE public."Testing" ALTER COLUMN id ADD GENERATED BY DEFAULT AS IDENTITY (
    SEQUENCE NAME public."Testing_id_seq"
    START WITH 1
    INCREMENT BY 1
    NO MINVALUE
    NO MAXVALUE
    CACHE 1
);


--
-- Name: Variables; Type: TABLE; Schema: public; Owner: postgres
--

CREATE TABLE public."Variables" (
    id bigint NOT NULL,
    name character varying(50) NOT NULL,
    value numeric(10,2) NOT NULL
);


ALTER TABLE public."Variables" OWNER TO postgres;

--
-- Name: Variables_id_seq; Type: SEQUENCE; Schema: public; Owner: postgres
--

ALTER TABLE public."Variables" ALTER COLUMN id ADD GENERATED BY DEFAULT AS IDENTITY (
    SEQUENCE NAME public."Variables_id_seq"
    START WITH 1
    INCREMENT BY 1
    NO MINVALUE
    NO MAXVALUE
    CACHE 1
);


--
-- Name: WCHDApp_accesscontrol; Type: TABLE; Schema: public; Owner: postgres
--

CREATE TABLE public."WCHDApp_accesscontrol" (
    id bigint NOT NULL,
    title character varying(100) NOT NULL
);


ALTER TABLE public."WCHDApp_accesscontrol" OWNER TO postgres;

--
-- Name: WCHDApp_accesscontrol_id_seq; Type: SEQUENCE; Schema: public; Owner: postgres
--

ALTER TABLE public."WCHDApp_accesscontrol" ALTER COLUMN id ADD GENERATED BY DEFAULT AS IDENTITY (
    SEQUENCE NAME public."WCHDApp_accesscontrol_id_seq"
    START WITH 1
    INCREMENT BY 1
    NO MINVALUE
    NO MAXVALUE
    CACHE 1
);


--
-- Name: WCHDApp_people_name_id_seq; Type: SEQUENCE; Schema: public; Owner: postgres
--

ALTER TABLE public."Peoples" ALTER COLUMN people_id ADD GENERATED BY DEFAULT AS IDENTITY (
    SEQUENCE NAME public."WCHDApp_people_name_id_seq"
    START WITH 1
    INCREMENT BY 1
    NO MINVALUE
    NO MAXVALUE
    CACHE 1
);


--
-- Name: auth_group; Type: TABLE; Schema: public; Owner: postgres
--

CREATE TABLE public.auth_group (
    id integer NOT NULL,
    name character varying(150) NOT NULL
);


ALTER TABLE public.auth_group OWNER TO postgres;

--
-- Name: auth_group_id_seq; Type: SEQUENCE; Schema: public; Owner: postgres
--

ALTER TABLE public.auth_group ALTER COLUMN id ADD GENERATED BY DEFAULT AS IDENTITY (
    SEQUENCE NAME public.auth_group_id_seq
    START WITH 1
    INCREMENT BY 1
    NO MINVALUE
    NO MAXVALUE
    CACHE 1
);


--
-- Name: auth_group_permissions; Type: TABLE; Schema: public; Owner: postgres
--

CREATE TABLE public.auth_group_permissions (
    id bigint NOT NULL,
    group_id integer NOT NULL,
    permission_id integer NOT NULL
);


ALTER TABLE public.auth_group_permissions OWNER TO postgres;

--
-- Name: auth_group_permissions_id_seq; Type: SEQUENCE; Schema: public; Owner: postgres
--

ALTER TABLE public.auth_group_permissions ALTER COLUMN id ADD GENERATED BY DEFAULT AS IDENTITY (
    SEQUENCE NAME public.auth_group_permissions_id_seq
    START WITH 1
    INCREMENT BY 1
    NO MINVALUE
    NO MAXVALUE
    CACHE 1
);


--
-- Name: auth_permission; Type: TABLE; Schema: public; Owner: postgres
--

CREATE TABLE public.auth_permission (
    id integer NOT NULL,
    name character varying(255) NOT NULL,
    content_type_id integer NOT NULL,
    codename character varying(100) NOT NULL
);


ALTER TABLE public.auth_permission OWNER TO postgres;

--
-- Name: auth_permission_id_seq; Type: SEQUENCE; Schema: public; Owner: postgres
--

ALTER TABLE public.auth_permission ALTER COLUMN id ADD GENERATED BY DEFAULT AS IDENTITY (
    SEQUENCE NAME public.auth_permission_id_seq
    START WITH 1
    INCREMENT BY 1
    NO MINVALUE
    NO MAXVALUE
    CACHE 1
);


--
-- Name: auth_user; Type: TABLE; Schema: public; Owner: postgres
--

CREATE TABLE public.auth_user (
    id integer NOT NULL,
    password character varying(128) NOT NULL,
    last_login timestamp with time zone,
    is_superuser boolean NOT NULL,
    username character varying(150) NOT NULL,
    first_name character varying(150) NOT NULL,
    last_name character varying(150) NOT NULL,
    email character varying(254) NOT NULL,
    is_staff boolean NOT NULL,
    is_active boolean NOT NULL,
    date_joined timestamp with time zone NOT NULL
);


ALTER TABLE public.auth_user OWNER TO postgres;

--
-- Name: auth_user_groups; Type: TABLE; Schema: public; Owner: postgres
--

CREATE TABLE public.auth_user_groups (
    id bigint NOT NULL,
    user_id integer NOT NULL,
    group_id integer NOT NULL
);


ALTER TABLE public.auth_user_groups OWNER TO postgres;

--
-- Name: auth_user_groups_id_seq; Type: SEQUENCE; Schema: public; Owner: postgres
--

ALTER TABLE public.auth_user_groups ALTER COLUMN id ADD GENERATED BY DEFAULT AS IDENTITY (
    SEQUENCE NAME public.auth_user_groups_id_seq
    START WITH 1
    INCREMENT BY 1
    NO MINVALUE
    NO MAXVALUE
    CACHE 1
);


--
-- Name: auth_user_id_seq; Type: SEQUENCE; Schema: public; Owner: postgres
--

ALTER TABLE public.auth_user ALTER COLUMN id ADD GENERATED BY DEFAULT AS IDENTITY (
    SEQUENCE NAME public.auth_user_id_seq
    START WITH 1
    INCREMENT BY 1
    NO MINVALUE
    NO MAXVALUE
    CACHE 1
);


--
-- Name: auth_user_user_permissions; Type: TABLE; Schema: public; Owner: postgres
--

CREATE TABLE public.auth_user_user_permissions (
    id bigint NOT NULL,
    user_id integer NOT NULL,
    permission_id integer NOT NULL
);


ALTER TABLE public.auth_user_user_permissions OWNER TO postgres;

--
-- Name: auth_user_user_permissions_id_seq; Type: SEQUENCE; Schema: public; Owner: postgres
--

ALTER TABLE public.auth_user_user_permissions ALTER COLUMN id ADD GENERATED BY DEFAULT AS IDENTITY (
    SEQUENCE NAME public.auth_user_user_permissions_id_seq
    START WITH 1
    INCREMENT BY 1
    NO MINVALUE
    NO MAXVALUE
    CACHE 1
);


--
-- Name: django_admin_log; Type: TABLE; Schema: public; Owner: postgres
--

CREATE TABLE public.django_admin_log (
    id integer NOT NULL,
    action_time timestamp with time zone NOT NULL,
    object_id text,
    object_repr character varying(200) NOT NULL,
    action_flag smallint NOT NULL,
    change_message text NOT NULL,
    content_type_id integer,
    user_id integer NOT NULL,
    CONSTRAINT django_admin_log_action_flag_check CHECK ((action_flag >= 0))
);


ALTER TABLE public.django_admin_log OWNER TO postgres;

--
-- Name: django_admin_log_id_seq; Type: SEQUENCE; Schema: public; Owner: postgres
--

ALTER TABLE public.django_admin_log ALTER COLUMN id ADD GENERATED BY DEFAULT AS IDENTITY (
    SEQUENCE NAME public.django_admin_log_id_seq
    START WITH 1
    INCREMENT BY 1
    NO MINVALUE
    NO MAXVALUE
    CACHE 1
);


--
-- Name: django_content_type; Type: TABLE; Schema: public; Owner: postgres
--

CREATE TABLE public.django_content_type (
    id integer NOT NULL,
    app_label character varying(100) NOT NULL,
    model character varying(100) NOT NULL
);


ALTER TABLE public.django_content_type OWNER TO postgres;

--
-- Name: django_content_type_id_seq; Type: SEQUENCE; Schema: public; Owner: postgres
--

ALTER TABLE public.django_content_type ALTER COLUMN id ADD GENERATED BY DEFAULT AS IDENTITY (
    SEQUENCE NAME public.django_content_type_id_seq
    START WITH 1
    INCREMENT BY 1
    NO MINVALUE
    NO MAXVALUE
    CACHE 1
);


--
-- Name: django_migrations; Type: TABLE; Schema: public; Owner: postgres
--

CREATE TABLE public.django_migrations (
    id bigint NOT NULL,
    app character varying(255) NOT NULL,
    name character varying(255) NOT NULL,
    applied timestamp with time zone NOT NULL
);


ALTER TABLE public.django_migrations OWNER TO postgres;

--
-- Name: django_migrations_id_seq; Type: SEQUENCE; Schema: public; Owner: postgres
--

ALTER TABLE public.django_migrations ALTER COLUMN id ADD GENERATED BY DEFAULT AS IDENTITY (
    SEQUENCE NAME public.django_migrations_id_seq
    START WITH 1
    INCREMENT BY 1
    NO MINVALUE
    NO MAXVALUE
    CACHE 1
);


--
-- Name: django_session; Type: TABLE; Schema: public; Owner: postgres
--

CREATE TABLE public.django_session (
    session_key character varying(40) NOT NULL,
    session_data text NOT NULL,
    expire_date timestamp with time zone NOT NULL
);


ALTER TABLE public.django_session OWNER TO postgres;

--
-- Data for Name: Activity List; Type: TABLE DATA; Schema: public; Owner: postgres
--

COPY public."Activity List" ("ActivityList_id", program, rev_gen, active, fphs, dept_id, fund_id, item_id, "payType") FROM stdin;
4	AD-BOH	t	t	1111	444	1234	12	general
5	AD-BOH out	t	t	123	444	1234	12	general
6	AD-SICK	t	t	111	444	1234	12	general
7	AD-SICK out	t	t	1234	444	1234	12	general
8	AD-COMP	f	t	11	444	1234	12	general
9	AD-COMP out	f	t	111	444	1234	12	general
10	AD-MAC	f	t	123	444	1234	12	general
11	AD-HOLIDAY	f	t	1	444	1234	12	general
12	AD-HOLIDAY out	t	t	321	444	1234	12	general
13	AD-VAC	t	t	2	444	1234	12	general
3	EN-FOOD	t	t	efffsd	56	64	12	general
1	AD-ADMIN	t	t	JJGG	3	57	12	general
14	AD-VAC out	t	t	1	444	1234	12	general
\.


--
-- Data for Name: Benefits; Type: TABLE DATA; Schema: public; Owner: postgres
--

COPY public."Benefits" (id, hrs_per_pay, vac_elig, ins_type, board_ins_share, life_rate, employee_id) FROM stdin;
3	40.00	t	Family	1.00	Rate 1	1234
\.


--
-- Data for Name: Budget Actions; Type: TABLE DATA; Schema: public; Owner: postgres
--

COPY public."Budget Actions" (ba_id, ba_date, fssf_from, fssf_to, comment, amount, approved, fs_res_no) FROM stdin;
\.


--
-- Data for Name: Carryover; Type: TABLE DATA; Schema: public; Owner: postgres
--

COPY public."Carryover" (co_id, fy, co_amount, encumbered, year_end_balance, beg_balance, fy_beg_date, fy_end_date, dept_id, fund_id) FROM stdin;
\.


--
-- Data for Name: Departments; Type: TABLE DATA; Schema: public; Owner: postgres
--

COPY public."Departments" (dept_id, dept_name) FROM stdin;
3	Water
43	BasicDept
444	Administration
56	Environmental
\.


--
-- Data for Name: Employees; Type: TABLE DATA; Schema: public; Owner: postgres
--

COPY public."Employees" (employee_id, first_name, surname, street_address, city, state, zip_code, phone, dob, ssn, hire_date, yos, job_title, pay_rate, dept_id, "specialFund_id", user_id, "adminPayFund_id", "payItem_id", "specialPayItem_id", email) FROM stdin;
43	Ian	Yarwood	13404 North Main Street	Beloit	OH	44609	3302579263	2003-06-20	123-02-4567	2025-08-25	-2	Developer	24.99	444	58	1	57	12	12	ianzyarwood@gmail.com
1234	Alyssa	Lewis	Testing Drive	Marietta	Oh	44609	3308527654	2003-06-20	123-04-1234	2020-06-04	4	Boss	40.00	444	57	3	57	12	12	alewis@wcgov.org
\.


--
-- Data for Name: Expense; Type: TABLE DATA; Schema: public; Owner: postgres
--

COPY public."Expense" (id, date, amount, warrant, comment, "ActivityList_id", employee_id, line_id, people_id, item_id, "grantLine_id") FROM stdin;
1	2025-06-21	20000.00	123	123	1	1234	3	11	3	\N
2	2025-06-21	20000.00	123	123	1	1234	3	11	3	\N
3	2025-06-21	99.99	123	123	1	1234	3	11	3	\N
4	2025-06-24	8.00	1	Testing should be 2 dollars left	1	1234	3	1	3	\N
5	2025-06-30	5000.00	567	567	1	1234	3	1	3	\N
6	2025-07-07	20.00	123	213	13	1234	3	1	3	\N
7	2025-07-07	20.00	123	123	13	1234	3	1	3	\N
8	2025-07-07	20.00	123	123	3	1234	3	1	3	1
9	2025-07-07	20.00	567	123	3	1234	3	1	3	1
10	2025-07-07	1.00	456	7665	14	1234	3	1	3	1
11	2025-07-07	1.00	456	7665	14	1234	3	1	3	1
12	2025-07-08	40.00	123	123	13	1234	3	11	3	1
13	2025-07-08	45.00	123	123	13	1234	3	11	3	1
16	2025-08-05	1.00	1	1	3	1234	9	12	4	\N
17	2025-08-25	1.00	1	1	1	43	9	13	4	1
18	2025-09-02	1.00	123	123	3	43	9	1	4	\N
19	2025-09-11	1.00	1	1	1	43	223-43	11	5	\N
20	2025-09-15	0.25	123	123	1	43	2025-667-43	11	6	\N
21	2025-09-23	1.00	123	123	1	43	223-43	11	5	\N
22	2025-09-23	1.00	123	123	1	43	223-43	1	5	\N
24	2025-09-26	0.50	1	1	1	43	2025-442-43	12	8	\N
25	2025-10-10	20.00	2	Payroll	1	1234	57-33	23	12	\N
26	2025-10-10	10.00	2	Payroll	3	1234	57-33	23	12	\N
27	2025-10-10	180.00	2	Payroll	1	1234	57-33	23	12	\N
28	2025-10-10	80.00	2	Payroll	4	1234	57-33	23	12	\N
29	2025-10-10	160.00	2	Payroll	1	1234	57-33	23	12	\N
30	2025-10-10	10.00	2	Payroll	3	1234	57-33	23	12	\N
31	2025-10-10	260.00	2	Payroll	1	1234	57-33	23	12	\N
32	2025-10-10	200.00	2	Payroll	1	1234	57-33	23	12	\N
33	2025-10-10	40.00	2	Payroll	1	1234	57-33	23	12	\N
34	2025-10-10	40.00	2	Payroll	1	1234	57-33	23	12	\N
35	2025-10-10	20.00	2	Payroll	4	1234	57-33	23	12	\N
36	2025-10-10	10.00	2	Payroll	3	1234	57-33	23	12	\N
37	2025-10-10	10.00	2	Payroll	3	1234	57-33	23	12	\N
38	2025-10-10	20.00	2	Payroll	4	1234	57-33	23	12	\N
39	2025-10-10	100.00	2	Payroll	1	1234	57-33	23	12	\N
40	2025-10-10	60.00	2	Payroll	1	1234	57-33	23	12	\N
41	2025-10-10	20.00	2	Payroll	3	1234	57-33	23	12	\N
42	2025-10-10	60.00	2	Payroll	4	1234	57-33	23	12	\N
43	2025-10-10	80.00	2	Payroll	1	1234	57-33	23	12	\N
44	2025-10-10	80.00	2	Payroll	1	1234	57-33	23	12	\N
45	2025-10-10	20.00	2	Payroll	1	1234	57-33	23	12	\N
46	2025-10-10	10.00	2	Payroll	3	1234	57-33	23	12	\N
47	2025-10-10	180.00	2	Payroll	1	1234	57-33	23	12	\N
48	2025-10-10	80.00	2	Payroll	4	1234	57-33	23	12	\N
49	2025-10-10	160.00	2	Payroll	1	1234	57-33	23	12	\N
50	2025-10-10	10.00	2	Payroll	3	1234	57-33	23	12	\N
51	2025-10-10	260.00	2	Payroll	1	1234	57-33	23	12	\N
52	2025-10-10	200.00	2	Payroll	1	1234	57-33	23	12	\N
53	2025-10-10	40.00	2	Payroll	1	1234	57-33	23	12	\N
54	2025-10-10	40.00	2	Payroll	1	1234	57-33	23	12	\N
55	2025-10-10	20.00	2	Payroll	4	1234	57-33	23	12	\N
56	2025-10-10	10.00	2	Payroll	3	1234	57-33	23	12	\N
57	2025-10-10	10.00	2	Payroll	3	1234	57-33	23	12	\N
58	2025-10-10	20.00	2	Payroll	4	1234	57-33	23	12	\N
59	2025-10-10	100.00	2	Payroll	1	1234	57-33	23	12	\N
60	2025-10-10	60.00	2	Payroll	1	1234	57-33	23	12	\N
61	2025-10-10	20.00	2	Payroll	3	1234	57-33	23	12	\N
62	2025-10-10	60.00	2	Payroll	4	1234	57-33	23	12	\N
63	2025-10-10	80.00	2	Payroll	1	1234	57-33	23	12	\N
64	2025-10-10	80.00	2	Payroll	1	1234	57-33	23	12	\N
68	2025-10-10	10.00	1	Payroll	3	1234	57-33	23	12	\N
69	2025-10-10	40.00	1	Payroll	1	1234	57-33	23	12	\N
70	2025-10-10	10.00	1	Payroll	3	1234	57-33	23	12	\N
71	2025-10-10	40.00	1	Payroll	1	1234	57-33	23	12	\N
72	2025-10-10	20.00	1	Payroll	3	1234	57-33	23	12	\N
73	2025-10-10	40.00	1	Payroll	1	1234	57-33	23	12	\N
74	2025-10-10	40.00	1	Payroll	1	1234	57-33	23	12	\N
75	2025-10-10	100.00	1	Payroll	1	1234	57-33	23	12	\N
76	2025-10-10	10.00	1	Payroll	1	1234	57-33	23	12	\N
77	2025-10-10	10.00	1	Payroll	3	1234	57-33	23	12	\N
78	2025-10-10	20.00	1	Payroll	1	1234	57-33	23	12	\N
79	2025-10-10	70.00	1	Payroll	4	1234	57-33	23	12	\N
80	2025-10-10	140.00	1	Payroll	1	1234	57-33	23	12	\N
81	2025-10-10	20.00	1	Payroll	10	1234	57-33	23	12	\N
82	2025-10-10	100.00	1	Payroll	1	1234	57-33	23	12	\N
83	2025-10-10	40.00	1	Payroll	3	1234	57-33	23	12	\N
84	2025-10-10	80.00	1	Payroll	1	1234	57-33	23	12	\N
85	2025-10-10	20.00	1	Payroll	3	1234	57-33	23	12	\N
86	2025-10-10	20.00	1	Payroll	1	1234	57-33	23	12	\N
87	2025-10-10	60.00	1	Payroll	1	1234	57-33	23	12	\N
\.


--
-- Data for Name: Funds; Type: TABLE DATA; Schema: public; Owner: postgres
--

COPY public."Funds" (fund_id, fund_name, fund_cash_balance, sof, dept_id, fund_total, year) FROM stdin;
2233	Vital Stats	20000.00	FEDERAL	444	0.00	2025
58	Alyssa Sick Fund	40000.00	LOCAL	444	0.00	2025
60	Alyssa Comp Fund	40000.00	STATE	444	0.00	2025
61	Alyssa Holiday Fund	40000.00	STATE	444	0.00	2025
66	Alyssa MAC Fund	40000.00	STATE	444	0.00	2025
59	Alyssa Vac Fund	40000.00	LOCAL	444	0.00	2025
64	Environmental Fund	39863.96	LOCAL	56	0.00	2025
2025-667	Testing new ID	19.75	STATE	56	20.00	2025
8867	New Fund System	250000.00	STATE	444	250000.00	2025
2025-67	Testing message	500000.00	STATE	43	500000.00	2025
223	Testing Admin Edits	17.00	STATE	43	20.00	2025
2025-24	Testing if creation even works	10.00	LOCAL	56	10.00	2026
2026-22	Testing new model based validaion	10.00	STATE	3	10.00	2026
5555	popeyes	260134.99	LOCAL	444	20000.00	2025
2025-442	Using new budgeted system	18.40	FEDERAL	3	10.00	2025
1234	TESTING	39472.72	LOCAL	43	0.00	2025
2025-789	Testing new create entry	10.00	FEDERAL	3	10.00	2025
2026-67	Recreating New Fund	100.00	STATE	43	100.00	2026
2025-89	Testing viewByYear	100.00	STATE	56	100.00	2025
2026-89	Testing viewByYear	100.00	STATE	56	100.00	2026
2026-90	Testing message	1.00	LOCAL	56	1.00	2026
2021-89	Testing new budgeting tools	100.00	LOCAL	43	100.00	2021
57	Alyssa Gen Fund	31403.06	LOCAL	444	0.00	2025
2025-57	Alyssa Gen Fund	31403.06	LOCAL	444	0.00	2025
\.


--
-- Data for Name: Grant Items; Type: TABLE DATA; Schema: public; Owner: postgres
--

COPY public."Grant Items" (item_id, fund_type, fund_year, item_name, line_item, category, fee_based, month, line_id) FROM stdin;
\.


--
-- Data for Name: Grant Lines; Type: TABLE DATA; Schema: public; Owner: postgres
--

COPY public."Grant Lines" (grantline_id, fund_year, line_name, line_budgeted, grant_id, "lineType") FROM stdin;
5	2025	Receiving Line	25000.00	2	Revenue
4	2025	Testing Encumbered and Spent	20000.00	2	Expense
2	2025	Line B	10000.00	1	Revenue
1	2025	Grant Line A	15000.00	1	Expense
8	2025	Testing 1000	1000.00	1	Expense
9	2025	Testing 1000	1000.00	1	Expense
10	2025	Testing REceiving Line	2000.00	1	Expense
11	2025	Testing autoreload	500.00	1	Expense
12	2025	AUtoreload	250.00	1	Expense
13	2025	Autoreload with remaining update	125.00	1	Expense
14	2025	Testing new revenue max	1.00	2	Revenue
15	2025	Should be good	0.25	4	Revenue
16	2025	1	0.22	4	Expense
17	2025	BAd revenue	0.40	4	Expense
18	2025	TEsting	0.05	4	Expense
19	2025	Tesing	0.02	4	Expense
\.


--
-- Data for Name: Grants; Type: TABLE DATA; Schema: public; Owner: postgres
--

COPY public."Grants" (grant_id, grant_name, grant_year, cfda, program_name, award_amount, pt_no, active, beg_date, end_date, fsid, funder, fund_id, "maxRevenueLines") FROM stdin;
1	Testing	2025	No	Testing	30000.00	1234	t	2025-06-27	2025-06-30	123	123	5555	1
2	Grant 2	2025	1	Grant 2	50000.00	4567	t	2025-07-01	2026-07-01	123	123	5555	2
4	New property testing	2025	2	2	1.00	1	t	2025-09-25	2025-10-25	11	1	2025-442	1
\.


--
-- Data for Name: Items; Type: TABLE DATA; Schema: public; Owner: postgres
--

COPY public."Items" (item_id, fund_type, fund_year, item_name, line_item, category, fee_based, month, fund_id, line_id) FROM stdin;
1	FEDERAL	21	Item 1	;alsdfaskdjf;lksjadfkjd;sd	sadfasdf	f	5	5555	2
2	FEDERAL	12341	1234	123124	123123	t	123123	1234	1
3	STATE	2025	Popeyes Item	1222	1221	t	12	5555	3
4	STATE	2025	New popeyes	2	2	f	6	5555	9
5	STATE	2025	Expense 1	Expense 1	12	t	6	223	223-43
6	FEDERAL	2025	Item Parent Code Testing	123	123	t	6	2025-667	2025-667-43
7	STATE	2025	New revenue	1	1	t	1	2025-442	2025-442-23
8	LOCAL	2025	Expense System	23	1	t	1	2025-442	2025-442-43
9	FEDERAL	2025	1	1	1	f	1	2025-442	2025-442-43
10	FEDERAL	2025	Testing	23	12	t	1	2025-442	2025-442-23
11	STATE	2026	TEsting viewByYear	12	1	t	-13	2026-89	2026-89-89
12	LOCAL	57	Employee Pay Item	24	1	t	1	57	57-33
\.


--
-- Data for Name: Lines; Type: TABLE DATA; Schema: public; Owner: postgres
--

COPY public."Lines" (line_id, fund_year, line_name, line_budgeted, fund_id, dept_id, "lineType") FROM stdin;
2	2025	Line 1	12349.00	1234	3	Revenue
7	2025	New Lines with budget	20000.00	8867	444	Revenue
3	2034	Popeyes Line	234234.00	5555	43	Expense
8	2025	Testing	10.00	5555	\N	Revenue
5555-24	1	1	1.00	5555	43	Revenue
5555-55	2025	Seeing creation	10.00	5555	43	Revenue
5555-66	2025	Testing other deployment	10.00	5555	3	Revenue
5555-556	2025	Testing AutoReload	1.00	5555	43	Expense
9	2025	More money for testing	100.00	5555	43	Expense
8867-67	2025	Testing Remaining	1.00	8867	43	Expense
8867-43	2025	Testing	1.00	8867	43	Expense
223	2025	Shouldn't work	30.00	223	43	Revenue
2025-667-43	2025	Testing line parent code filter	1.00	2025-667	444	Expense
2025-667-23	2025	Testing	0.10	2025-667	43	Revenue
8867-41	2025	Testing field clearing	1.00	8867	3	Expense
8867-42	2025	Testing form reset again	1.00	8867	3	Expense
8867-44	2025	Testing success message	1.00	8867	43	Expense
223-43	2025	Testing on Edit Edits	10.00	223	43	Expense
1	2025	TestingLine	10000000.00	1234	3	Revenue
2025-442-23	2025	Budgeted	1.00	2025-442	444	Revenue
2025-442-44	2025	Testing model based auth	1.00	2025-442	3	Revenue
2025-442-55	2025	Testing error messages	0.99	2025-442	43	Revenue
2025-442-27	2025	TEsting other messages	1.00	2025-442	43	Expense
2025-442-43	2025	New Expense	1.00	2025-442	43	Expense
2025-442-54	2025	Testing year inheritance	1.00	2025-442	3	Expense
2025-442-588	2025	TEsing with class	0.50	2025-442	43	Revenue
2026-89-89	2026	Testing viewByYear lines	0.01	2026-89	3	Expense
2026-90-43	2026	Testing revenue addition	0.51	2026-90	43	Revenue
2021-89-11	2021	exceed	109.02	2021-89	43	Expense
2021-89-10	2021	adding 10	9.99	2021-89	43	Revenue
2021-89-34	2021	Adding 30	29.93	2021-89	3	Revenue
2021-89-55	2021	Testing	29.00	2021-89	3	Expense
57-33	57	Employee Pay Line	10000.00	57	444	Expense
\.


--
-- Data for Name: PayPeriod; Type: TABLE DATA; Schema: public; Owner: postgres
--

COPY public."PayPeriod" ("periodStart", "periodEnd", payperiod_id) FROM stdin;
2025-06-17	2025-07-01	2025-0
2025-06-03	2025-06-17	2025-1
2025-03-01	2025-03-15	2025-03
2025-05-10	2025-05-24	2025-04
2025-07-06	2025-07-19	2025-05
2025-09-14	2025-09-26	2025-06
\.


--
-- Data for Name: Payroll; Type: TABLE DATA; Schema: public; Owner: postgres
--

COPY public."Payroll" (beg_date, end_date, hours, pay_amount, "ActivityList_id", employee_id, id, payperiod_id) FROM stdin;
2025-05-16	2025-05-16	0.50	18.02	1	1234	46	2025-04
2025-03-14	2025-03-14	1.50	54.06	1	1234	55	2025-03
2025-03-13	2025-03-13	2.50	90.10	1	1234	56	2025-03
2025-03-12	2025-03-12	2.00	72.08	1	1234	57	2025-03
2025-03-11	2025-03-11	2.00	72.08	1	1234	58	2025-03
2025-03-10	2025-03-10	1.50	54.06	1	1234	59	2025-03
2025-03-07	2025-03-07	1.50	54.06	1	1234	60	2025-03
2025-03-06	2025-03-06	3.00	108.12	1	1234	61	2025-03
2025-03-05	2025-03-05	3.00	108.12	1	1234	62	2025-03
2025-03-04	2025-03-04	1.75	63.07	1	1234	63	2025-03
2025-03-03	2025-03-03	2.50	90.10	1	1234	64	2025-03
2025-05-23	2025-05-23	2.00	0.00	14	1234	33	2025-04
2025-05-23	2025-05-23	0.25	9.01	3	1234	34	2025-04
2025-05-23	2025-05-23	1.50	54.06	1	1234	35	2025-04
2025-05-22	2025-05-22	0.50	18.02	4	1234	36	2025-04
2025-05-22	2025-05-22	2.00	72.08	1	1234	37	2025-04
2025-05-21	2025-05-21	1.00	36.04	4	1234	38	2025-04
2025-05-21	2025-05-21	2.50	90.10	1	1234	39	2025-04
2025-05-20	2025-05-20	0.25	9.01	3	1234	40	2025-04
2025-05-20	2025-05-20	0.50	18.02	4	1234	41	2025-04
2025-05-20	2025-05-20	2.00	72.08	1	1234	42	2025-04
2025-05-19	2025-05-19	0.50	18.02	4	1234	43	2025-04
2025-05-19	2025-05-19	2.00	72.08	1	1234	44	2025-04
2025-05-19	2025-05-19	0.25	9.01	3	1234	45	2025-04
2025-05-16	2025-05-16	0.25	9.01	3	1234	47	2025-04
2025-05-16	2025-05-16	2.00	72.08	4	1234	48	2025-04
2025-05-15	2025-05-15	3.50	126.14	1	1234	49	2025-04
2025-05-15	2025-05-15	2.00	72.08	4	1234	50	2025-04
2025-05-14	2025-05-14	3.00	108.12	1	1234	51	2025-04
2025-05-13	2025-05-13	3.00	108.12	1	1234	52	2025-04
2025-05-12	2025-05-12	3.50	126.14	1	1234	53	2025-04
2025-05-12	2025-05-12	0.50	18.02	4	1234	54	2025-04
2025-09-19	2025-09-19	0.50	18.02	1	1234	96	2025-06
2025-09-18	2025-09-18	1.75	63.07	4	1234	97	2025-06
2025-09-18	2025-09-18	3.50	126.14	1	1234	98	2025-06
2025-09-17	2025-09-17	0.50	18.02	10	1234	99	2025-06
2025-09-17	2025-09-17	2.50	90.10	1	1234	100	2025-06
2025-09-16	2025-09-16	1.00	36.04	3	1234	101	2025-06
2025-09-16	2025-09-16	2.00	72.08	1	1234	102	2025-06
2025-09-15	2025-09-15	0.50	18.02	3	1234	103	2025-06
2025-09-15	2025-09-15	0.50	18.02	1	1234	104	2025-06
2025-09-14	2025-09-14	1.50	54.06	1	1234	105	2025-06
2025-07-18	2025-07-18	0.50	18.02	1	1234	65	2025-05
2025-07-18	2025-07-18	0.25	9.01	3	1234	66	2025-05
2025-07-17	2025-07-17	4.50	162.18	1	1234	67	2025-05
2025-07-17	2025-07-17	2.00	72.08	4	1234	68	2025-05
2025-07-16	2025-07-16	4.00	144.16	1	1234	69	2025-05
2025-07-15	2025-07-15	0.25	9.01	3	1234	70	2025-05
2025-07-15	2025-07-15	6.50	234.26	1	1234	71	2025-05
2025-07-14	2025-07-14	5.00	180.20	1	1234	72	2025-05
2025-07-13	2025-07-13	1.00	36.04	1	1234	73	2025-05
2025-07-11	2025-07-11	1.00	36.04	1	1234	74	2025-05
2025-07-11	2025-07-11	0.50	18.02	4	1234	75	2025-05
2025-07-11	2025-07-11	0.25	9.01	3	1234	76	2025-05
2025-07-10	2025-07-10	0.25	9.01	3	1234	77	2025-05
2025-07-10	2025-07-10	0.50	18.02	4	1234	78	2025-05
2025-07-10	2025-07-10	2.50	90.10	1	1234	79	2025-05
2025-07-09	2025-07-09	1.50	54.06	1	1234	80	2025-05
2025-07-08	2025-07-08	0.50	18.02	3	1234	81	2025-05
2025-07-08	2025-07-08	1.50	54.06	4	1234	82	2025-05
2025-07-08	2025-07-08	2.00	72.08	1	1234	83	2025-05
2025-07-07	2025-07-07	2.00	72.08	1	1234	84	2025-05
2025-09-26	2025-09-26	0.25	9.01	3	1234	86	2025-06
2025-09-26	2025-09-26	1.00	36.04	1	1234	87	2025-06
2025-09-25	2025-09-25	0.25	9.01	3	1234	88	2025-06
2025-09-25	2025-09-25	1.00	36.04	1	1234	89	2025-06
2025-09-24	2025-09-24	0.50	18.02	3	1234	90	2025-06
2025-09-24	2025-09-24	1.00	36.04	1	1234	91	2025-06
2025-09-23	2025-09-23	1.00	36.04	1	1234	92	2025-06
2025-09-22	2025-09-22	2.50	90.10	1	1234	93	2025-06
2025-09-21	2025-09-21	0.25	9.01	1	1234	94	2025-06
2025-09-19	2025-09-19	0.25	9.01	3	1234	95	2025-06
\.


--
-- Data for Name: Peoples; Type: TABLE DATA; Schema: public; Owner: postgres
--

COPY public."Peoples" (people_id, name, address, city, state, zip_code, phone, email, primary_contact, ein, account_number) FROM stdin;
1	Company 1	134234234	Marietta	OH	44609	3330001122	izy001@marietta.edu	Ian	11213	123123123
11	E	E	E	E	E	e	e@gmail.com	E	W	E
12	Testing	123	123	12	123	123	123@gmail.com	12	12	123
13	NEw	123	123	12	123	123	123@gmail.cmo	123	1231213	123
14	Again	123	23	12	123	123	123@gmail.com	123	123	123
15	123	123	123	12	123	123	123@gmail.com	213	123	123
16	Huh	123	123	12	123	123	123@gmail.com	123	123	123
17	grr	123	123	12	123	123	123@gmail.com	123	123	123
18	123	123	123	12	123	123	123@gmail.com	123	123	123
19	revenue	13	123	12	123	123	123@gmail.com	123	123	123
20	pp	pp	p	p	p	p	p@gmail.com	p	p	p
21	a	a	a	a	a	a	aa@gmail.com	a	a	aa
22	u	u	u	u	u	u	uu@gmail.com	u	u	u
23	Alyssa Lewis	Testing Drive	Marietta	Oh	44609	3308527654	alewis@wcgov.org	Testing	123	123
\.


--
-- Data for Name: Revenue; Type: TABLE DATA; Schema: public; Owner: postgres
--

COPY public."Revenue" (id, date, amount, "payType", comment, "ActivityList_id", employee_id, line_id, people_id, item_id, "grantLine_id", reference) FROM stdin;
1	2025-06-21	100000.00	Check	All good	1	1234	3	11	3	\N	1
2	2025-06-21	119999.99	Check	All good	1	1234	3	11	3	\N	1
3	2025-06-30	19998.00	Card	ROunding off	1	1234	3	1	3	\N	1
4	2025-06-30	20.00	Cash	Testing	1	1234	3	1	3	\N	1
5	2025-07-08	57.00	Cash	Receiving	1	1234	3	1	3	5	1
6	2025-07-08	3.00	Card	123	1	1234	3	1	3	5	1
7	2025-07-10	33.00	Cash	123	3	1234	1	1	2	2	1
8	2025-07-10	56.00	Cash	123	3	1234	1	1	2	2	1
10	2025-09-23	1.00	Cash	123	1	43	1	1	2	\N	1
11	2025-09-23	1.00	Card	1	1	43	1	1	2	\N	1
14	2025-09-29	1.00	Cash	1	1	43	2025-442-23	11	7	2	1
13	2025-09-29	1.00	Cash	1	1	43	2025-442-23	1	7	2	1
12	2025-09-29	1.00	Cash	1	1	43	2025-442-23	1	7	5	1
9	2025-08-05	1.00	Cash	1	1	1234	1	14	2	\N	1
\.


--
-- Data for Name: Testing; Type: TABLE DATA; Schema: public; Owner: postgres
--

COPY public."Testing" (id, testing_name, fund_year, fund_id) FROM stdin;
7	CSV1	2025	1234
8	CSV2	2026	1234
9	CSV3	2027	1234
10	CSV4	2028	5555
11	CSV5	2029	5555
12	CSV6	2030	5555
13	CSV8	2031	5555
14	CSV9	2032	1234
15	CSV10	2031	5555
16	CSV11	2032	1234
\.


--
-- Data for Name: Variables; Type: TABLE DATA; Schema: public; Owner: postgres
--

COPY public."Variables" (id, name, value) FROM stdin;
1	insuranceRate1	3.42
2	insuranceRate2	1.71
\.


--
-- Data for Name: WCHDApp_accesscontrol; Type: TABLE DATA; Schema: public; Owner: postgres
--

COPY public."WCHDApp_accesscontrol" (id, title) FROM stdin;
\.


--
-- Data for Name: auth_group; Type: TABLE DATA; Schema: public; Owner: postgres
--

COPY public.auth_group (id, name) FROM stdin;
1	Cashiers
\.


--
-- Data for Name: auth_group_permissions; Type: TABLE DATA; Schema: public; Owner: postgres
--

COPY public.auth_group_permissions (id, group_id, permission_id) FROM stdin;
\.


--
-- Data for Name: auth_permission; Type: TABLE DATA; Schema: public; Owner: postgres
--

COPY public.auth_permission (id, name, content_type_id, codename) FROM stdin;
1	Can add log entry	1	add_logentry
2	Can change log entry	1	change_logentry
3	Can delete log entry	1	delete_logentry
4	Can view log entry	1	view_logentry
5	Can add permission	2	add_permission
6	Can change permission	2	change_permission
7	Can delete permission	2	delete_permission
8	Can view permission	2	view_permission
9	Can add group	3	add_group
10	Can change group	3	change_group
11	Can delete group	3	delete_group
12	Can view group	3	view_group
13	Can add user	4	add_user
14	Can change user	4	change_user
15	Can delete user	4	delete_user
16	Can view user	4	view_user
17	Can add content type	5	add_contenttype
18	Can change content type	5	change_contenttype
19	Can delete content type	5	delete_contenttype
20	Can view content type	5	view_contenttype
21	Can add session	6	add_session
22	Can change session	6	change_session
23	Can delete session	6	delete_session
24	Can view session	6	view_session
25	Can add fund	7	add_fund
26	Can change fund	7	change_fund
27	Can delete fund	7	delete_fund
28	Can view fund	7	view_fund
29	Can add testing table	8	add_testingtable
30	Can change testing table	8	change_testingtable
31	Can delete testing table	8	delete_testingtable
32	Can view testing table	8	view_testingtable
33	Can add testing	9	add_testing
34	Can change testing	9	change_testing
35	Can delete testing	9	delete_testing
36	Can view testing	9	view_testing
37	Can add line	10	add_line
38	Can change line	10	change_line
39	Can delete line	10	delete_line
40	Can view line	10	view_line
41	Can add dept	11	add_dept
42	Can change dept	11	change_dept
43	Can delete dept	11	delete_dept
44	Can view dept	11	view_dept
45	Can add employee	12	add_employee
46	Can change employee	12	change_employee
47	Can delete employee	12	delete_employee
48	Can view employee	12	view_employee
49	Can add item	13	add_item
50	Can change item	13	change_item
51	Can delete item	13	delete_item
52	Can view item	13	view_item
53	Can add invoice	14	add_invoice
54	Can change invoice	14	change_invoice
55	Can delete invoice	14	delete_invoice
56	Can view invoice	14	view_invoice
57	Can add purchase order	15	add_purchaseorder
58	Can change purchase order	15	change_purchaseorder
59	Can delete purchase order	15	delete_purchaseorder
60	Can view purchase order	15	view_purchaseorder
61	Can add voucher	16	add_voucher
62	Can change voucher	16	change_voucher
63	Can delete voucher	16	delete_voucher
64	Can view voucher	16	view_voucher
65	Can add people	17	add_people
66	Can change people	17	change_people
67	Can delete people	17	delete_people
68	Can view people	17	view_people
69	Can add budget actions	18	add_budgetactions
70	Can change budget actions	18	change_budgetactions
71	Can delete budget actions	18	delete_budgetactions
72	Can view budget actions	18	view_budgetactions
73	Can add activity list	19	add_activitylist
74	Can change activity list	19	change_activitylist
75	Can delete activity list	19	delete_activitylist
76	Can view activity list	19	view_activitylist
77	Can add carryover	20	add_carryover
78	Can change carryover	20	change_carryover
79	Can delete carryover	20	delete_carryover
80	Can view carryover	20	view_carryover
81	Can add benefits	21	add_benefits
82	Can change benefits	21	change_benefits
83	Can delete benefits	21	delete_benefits
84	Can view benefits	21	view_benefits
85	Can add payroll	22	add_payroll
86	Can change payroll	22	change_payroll
87	Can delete payroll	22	delete_payroll
88	Can view payroll	22	view_payroll
89	Can add grants	23	add_grants
90	Can change grants	23	change_grants
91	Can delete grants	23	delete_grants
92	Can view grants	23	view_grants
93	Can add transaction	24	add_transaction
94	Can change transaction	24	change_transaction
95	Can delete transaction	24	delete_transaction
96	Can view transaction	24	view_transaction
97	Can add access control	25	add_accesscontrol
98	Can change access control	25	change_accesscontrol
99	Can delete access control	25	delete_accesscontrol
100	Can view access control	25	view_accesscontrol
101	Has full access to all views	25	has_full_access
102	Can add variable	26	add_variable
103	Can change variable	26	change_variable
104	Can delete variable	26	delete_variable
105	Can view variable	26	view_variable
106	Can add clockify	27	add_clockify
107	Can change clockify	27	change_clockify
108	Can delete clockify	27	delete_clockify
109	Can view clockify	27	view_clockify
110	Can add pay period	28	add_payperiod
111	Can change pay period	28	change_payperiod
112	Can delete pay period	28	delete_payperiod
113	Can view pay period	28	view_payperiod
114	Can add expense	29	add_expense
115	Can change expense	29	change_expense
116	Can delete expense	29	delete_expense
117	Can view expense	29	view_expense
118	Can add revenue	30	add_revenue
119	Can change revenue	30	change_revenue
120	Can delete revenue	30	delete_revenue
121	Can view revenue	30	view_revenue
122	Can add grant item	31	add_grantitem
123	Can change grant item	31	change_grantitem
124	Can delete grant item	31	delete_grantitem
125	Can view grant item	31	view_grantitem
126	Can add grant expense	32	add_grantexpense
127	Can change grant expense	32	change_grantexpense
128	Can delete grant expense	32	delete_grantexpense
129	Can view grant expense	32	view_grantexpense
130	Can add grant	23	add_grant
131	Can change grant	23	change_grant
132	Can delete grant	23	delete_grant
133	Can view grant	23	view_grant
134	Can add grant line	33	add_grantline
135	Can change grant line	33	change_grantline
136	Can delete grant line	33	delete_grantline
137	Can view grant line	33	view_grantline
138	Can add grant allocation	34	add_grantallocation
139	Can change grant allocation	34	change_grantallocation
140	Can delete grant allocation	34	delete_grantallocation
141	Can view grant allocation	34	view_grantallocation
\.


--
-- Data for Name: auth_user; Type: TABLE DATA; Schema: public; Owner: postgres
--

COPY public.auth_user (id, password, last_login, is_superuser, username, first_name, last_name, email, is_staff, is_active, date_joined) FROM stdin;
2	pbkdf2_sha256$870000$r2TGdpOr2fX3Nc80PfIViD$8u/n5nP56W7ZgoSdlpUlDhPjF0zuSol3CsqHiddDCiw=	2025-10-10 14:49:32.46782+00	f	notAdmin				f	t	2025-03-20 17:33:01+00
3	pbkdf2_sha256$870000$JNr2UUuXGTMz84GpoWW95Q$dDmC3kLLmkUAmHd9No+CrvqT+RZH/htnVkdHGBcZuRk=	2025-10-10 14:51:06.107661+00	t	ALewis				t	t	2025-08-05 15:06:13+00
1	pbkdf2_sha256$870000$gkifxGFoyfU1nnHc2Vh9ZF$oO9YUr89/a5ViMtYZSJTUe/oNWvEh8hZ0TandDPz+RY=	2025-10-13 14:53:05.084674+00	t	IYarwood			izy001@marietta.edu	t	t	2025-03-20 17:30:02+00
\.


--
-- Data for Name: auth_user_groups; Type: TABLE DATA; Schema: public; Owner: postgres
--

COPY public.auth_user_groups (id, user_id, group_id) FROM stdin;
1	2	1
\.


--
-- Data for Name: auth_user_user_permissions; Type: TABLE DATA; Schema: public; Owner: postgres
--

COPY public.auth_user_user_permissions (id, user_id, permission_id) FROM stdin;
\.


--
-- Data for Name: django_admin_log; Type: TABLE DATA; Schema: public; Owner: postgres
--

COPY public.django_admin_log (id, action_time, object_id, object_repr, action_flag, change_message, content_type_id, user_id) FROM stdin;
1	2025-03-20 17:33:01.900957+00	2	notAdmin	1	[{"added": {}}]	4	1
2	2025-03-20 17:33:52.842774+00	2	notAdmin	2	[]	4	1
3	2025-03-26 00:20:52.846649+00	5	Testing object (5)	3		9	1
4	2025-03-26 00:20:52.846703+00	4	Testing object (4)	3		9	1
5	2025-03-26 00:20:52.846725+00	3	Testing object (3)	3		9	1
6	2025-03-26 00:20:52.846743+00	2	Testing object (2)	3		9	1
7	2025-03-26 00:20:52.846761+00	1	Testing object (1)	3		9	1
8	2025-03-31 20:16:47.515073+00	1	Benefits object (1)	3		21	1
9	2025-03-31 20:16:54.980048+00	24	Ian Yarwood	3		12	1
10	2025-04-01 14:05:11.632108+00	6	Testing object (6)	3		9	1
11	2025-04-09 14:02:15.360383+00	1	Cashiers	1	[{"added": {}}]	3	1
12	2025-04-09 14:20:52.436547+00	1	Cashiers	2	[{"changed": {"fields": ["Permissions"]}}]	3	1
13	2025-04-11 00:07:00.558792+00	2	notAdmin	2	[{"changed": {"fields": ["Groups"]}}]	4	1
14	2025-04-11 00:07:36.603307+00	1	Cashiers	2	[{"changed": {"fields": ["Permissions"]}}]	3	1
15	2025-04-11 00:07:58.674018+00	1	Cashiers	2	[{"changed": {"fields": ["Permissions"]}}]	3	1
16	2025-04-11 00:11:54.118699+00	43	Ian Yarwood	2	[{"changed": {"fields": ["Pay Rate"]}}]	12	1
17	2025-04-13 22:45:36.57841+00	1	Variable object (1)	1	[{"added": {}}]	26	1
18	2025-04-13 22:45:50.233526+00	2	Variable object (2)	1	[{"added": {}}]	26	1
19	2025-04-13 22:56:54.034744+00	1	Variable object (1)	2	[{"changed": {"fields": ["Value"]}}]	26	1
20	2025-04-13 22:57:05.398701+00	1	Variable object (1)	2	[{"changed": {"fields": ["Value"]}}]	26	1
21	2025-04-15 19:12:29.322218+00	1	insuranceRate1	2	[]	26	1
22	2025-04-15 19:13:23.761346+00	1	insuranceRate1	2	[{"changed": {"fields": ["Value"]}}]	26	1
23	2025-04-15 19:13:38.024473+00	1	insuranceRate1	2	[{"changed": {"fields": ["Value"]}}]	26	1
24	2025-04-15 19:13:41.274672+00	2	insuranceRate2	2	[]	26	1
25	2025-04-17 23:43:21.771176+00	1	TestingLine	2	[{"changed": {"fields": ["Dept"]}}]	10	1
26	2025-04-18 00:08:01.596975+00	1	ActivityList object (1)	2	[{"changed": {"fields": ["Program"]}}]	19	1
27	2025-04-18 00:10:36.188253+00	444	Administration	1	[{"added": {}}]	11	1
28	2025-04-18 00:27:52.39138+00	4	Clockify object (4)	3		27	1
29	2025-04-18 00:27:52.391469+00	3	Clockify object (3)	3		27	1
30	2025-04-18 00:27:52.391495+00	2	Clockify object (2)	3		27	1
31	2025-04-18 00:27:52.391516+00	1	Clockify object (1)	3		27	1
32	2025-04-18 00:34:50.949424+00	8	Clockify object (8)	3		27	1
33	2025-04-18 00:34:50.949471+00	7	Clockify object (7)	3		27	1
34	2025-04-18 00:34:50.949493+00	6	Clockify object (6)	3		27	1
35	2025-04-18 00:34:50.94951+00	5	Clockify object (5)	3		27	1
36	2025-04-23 14:01:00.464739+00	12	Clockify object (12)	3		27	1
37	2025-04-23 14:01:00.464805+00	11	Clockify object (11)	3		27	1
38	2025-04-23 14:01:00.464831+00	10	Clockify object (10)	3		27	1
39	2025-04-23 14:01:00.464852+00	9	Clockify object (9)	3		27	1
40	2025-04-23 14:26:15.706871+00	17	Clockify object (17)	3		27	1
41	2025-04-23 14:26:15.706939+00	16	Clockify object (16)	3		27	1
42	2025-04-23 14:26:15.706965+00	15	Clockify object (15)	3		27	1
43	2025-04-23 14:26:15.706986+00	14	Clockify object (14)	3		27	1
44	2025-04-23 14:26:15.707006+00	13	Clockify object (13)	3		27	1
45	2025-04-23 14:26:57.570773+00	2233	Vital Stats	1	[{"added": {}}]	7	1
46	2025-04-23 14:43:14.315165+00	22	Clockify object (22)	3		27	1
47	2025-04-23 14:43:14.315216+00	21	Clockify object (21)	3		27	1
48	2025-04-23 14:43:14.315237+00	20	Clockify object (20)	3		27	1
49	2025-04-23 14:43:14.315254+00	19	Clockify object (19)	3		27	1
50	2025-04-23 14:43:14.31527+00	18	Clockify object (18)	3		27	1
51	2025-04-23 14:56:20.914892+00	27	Clockify object (27)	3		27	1
52	2025-04-23 14:56:20.914975+00	26	Clockify object (26)	3		27	1
53	2025-04-23 14:56:20.915003+00	25	Clockify object (25)	3		27	1
54	2025-04-23 14:56:20.915025+00	24	Clockify object (24)	3		27	1
55	2025-04-23 14:56:20.915046+00	23	Clockify object (23)	3		27	1
56	2025-04-23 20:42:52.850613+00	56253	Sherry Empty	3		12	1
57	2025-04-23 20:44:01.465449+00	32	Clockify object (32)	3		27	1
58	2025-04-23 20:44:01.465498+00	31	Clockify object (31)	3		27	1
59	2025-04-23 20:44:01.465519+00	30	Clockify object (30)	3		27	1
60	2025-04-23 20:44:01.465542+00	29	Clockify object (29)	3		27	1
61	2025-04-23 20:44:01.46556+00	28	Clockify object (28)	3		27	1
62	2025-06-02 15:51:12.974523+00	2222	Payroll object (2222)	3		22	1
63	2025-06-02 15:55:07.038608+00	2025-0	Payroll object (2025-0)	3		22	1
64	2025-06-03 15:22:02.482118+00	1	PayPeriod object (1)	1	[{"added": {}}]	28	1
65	2025-06-03 15:23:09.816535+00	1	Pay Period 1	2	[]	28	1
66	2025-06-03 15:23:24.025707+00	2	Pay Period 2	1	[{"added": {}}]	28	1
67	2025-06-03 15:26:36.189043+00	2025-9	Payroll object (2025-9)	3		22	1
68	2025-06-03 15:26:36.189084+00	2025-8	Payroll object (2025-8)	3		22	1
69	2025-06-03 15:26:36.189101+00	2025-7	Payroll object (2025-7)	3		22	1
70	2025-06-03 15:26:36.189115+00	2025-6	Payroll object (2025-6)	3		22	1
71	2025-06-03 15:26:36.189128+00	2025-5	Payroll object (2025-5)	3		22	1
72	2025-06-03 15:26:36.189141+00	2025-4	Payroll object (2025-4)	3		22	1
73	2025-06-03 15:26:36.189152+00	2025-3	Payroll object (2025-3)	3		22	1
74	2025-06-03 15:26:36.189164+00	2025-2	Payroll object (2025-2)	3		22	1
75	2025-06-03 15:26:36.189175+00	2025-1	Payroll object (2025-1)	3		22	1
76	2025-06-03 15:26:36.189185+00	2025-0	Payroll object (2025-0)	3		22	1
77	2025-06-03 15:44:49.397575+00	2025-9	Payroll object (2025-9)	3		22	1
78	2025-06-03 15:44:49.397621+00	2025-8	Payroll object (2025-8)	3		22	1
79	2025-06-03 15:44:49.39764+00	2025-7	Payroll object (2025-7)	3		22	1
80	2025-06-03 15:44:49.397656+00	2025-6	Payroll object (2025-6)	3		22	1
81	2025-06-03 15:44:49.397672+00	2025-5	Payroll object (2025-5)	3		22	1
82	2025-06-03 15:44:49.397687+00	2025-4	Payroll object (2025-4)	3		22	1
83	2025-06-03 15:44:49.397701+00	2025-3	Payroll object (2025-3)	3		22	1
84	2025-06-03 15:44:49.397714+00	2025-2	Payroll object (2025-2)	3		22	1
85	2025-06-03 15:44:49.397728+00	2025-1	Payroll object (2025-1)	3		22	1
86	2025-06-03 15:44:49.397774+00	2025-0	Payroll object (2025-0)	3		22	1
87	2025-06-03 15:53:47.113516+00	2025-9	Payroll object (2025-9)	2	[]	22	1
88	2025-06-03 15:59:47.626957+00	2	Pay Period 2 (2025-06-17 - 2025-07-01)	2	[{"changed": {"fields": ["PeriodID"]}}]	28	1
89	2025-06-03 15:59:53.406329+00	1	Pay Period 1 (2025-06-03 - 2025-06-17)	2	[{"changed": {"fields": ["PeriodID"]}}]	28	1
90	2025-06-03 16:00:42.785306+00	3	Pay Period 3 (2025-03-01 - 2025-03-15)	1	[{"added": {}}]	28	1
91	2025-06-03 16:01:31.37918+00	2025-9	Payroll object (2025-9)	3		22	1
92	2025-06-03 16:01:31.379223+00	2025-8	Payroll object (2025-8)	3		22	1
93	2025-06-03 16:01:31.379245+00	2025-7	Payroll object (2025-7)	3		22	1
94	2025-06-03 16:01:31.379262+00	2025-6	Payroll object (2025-6)	3		22	1
95	2025-06-03 16:01:31.379278+00	2025-5	Payroll object (2025-5)	3		22	1
96	2025-06-03 16:01:31.379294+00	2025-4	Payroll object (2025-4)	3		22	1
97	2025-06-03 16:01:31.379308+00	2025-3	Payroll object (2025-3)	3		22	1
98	2025-06-03 16:01:31.379322+00	2025-2	Payroll object (2025-2)	3		22	1
99	2025-06-03 16:01:31.379336+00	2025-1	Payroll object (2025-1)	3		22	1
100	2025-06-03 16:01:31.379351+00	2025-0	Payroll object (2025-0)	3		22	1
101	2025-06-04 15:13:18.890462+00	10	Payroll object (10)	3		22	1
102	2025-06-04 15:13:18.890532+00	9	Payroll object (9)	3		22	1
103	2025-06-04 15:13:18.890558+00	8	Payroll object (8)	3		22	1
104	2025-06-04 15:13:18.89058+00	7	Payroll object (7)	3		22	1
105	2025-06-04 15:13:18.890757+00	6	Payroll object (6)	3		22	1
106	2025-06-04 15:13:18.890781+00	5	Payroll object (5)	3		22	1
107	2025-06-04 15:13:18.8908+00	4	Payroll object (4)	3		22	1
108	2025-06-04 15:13:18.890817+00	3	Payroll object (3)	3		22	1
109	2025-06-04 15:13:18.890834+00	2	Payroll object (2)	3		22	1
110	2025-06-04 15:13:18.890852+00	1	Payroll object (1)	3		22	1
111	2025-06-04 15:13:38.782977+00	53	Clockify object (53)	3		27	1
112	2025-06-04 15:13:38.78304+00	52	Clockify object (52)	3		27	1
113	2025-06-04 15:13:38.783067+00	51	Clockify object (51)	3		27	1
114	2025-06-04 15:13:38.783088+00	50	Clockify object (50)	3		27	1
115	2025-06-04 15:13:38.783108+00	49	Clockify object (49)	3		27	1
116	2025-06-04 15:13:38.783128+00	48	Clockify object (48)	3		27	1
117	2025-06-04 15:13:38.783148+00	47	Clockify object (47)	3		27	1
118	2025-06-04 15:13:38.783167+00	46	Clockify object (46)	3		27	1
119	2025-06-04 15:13:38.783185+00	45	Clockify object (45)	3		27	1
120	2025-06-04 15:13:38.783203+00	44	Clockify object (44)	3		27	1
121	2025-06-04 15:13:38.783221+00	43	Clockify object (43)	3		27	1
122	2025-06-04 15:13:38.783239+00	42	Clockify object (42)	3		27	1
123	2025-06-04 15:13:38.783256+00	41	Clockify object (41)	3		27	1
124	2025-06-04 15:13:38.783296+00	40	Clockify object (40)	3		27	1
125	2025-06-04 15:13:38.783334+00	39	Clockify object (39)	3		27	1
126	2025-06-04 15:13:38.783369+00	38	Clockify object (38)	3		27	1
127	2025-06-04 15:13:38.78339+00	37	Clockify object (37)	3		27	1
128	2025-06-04 15:13:38.783408+00	36	Clockify object (36)	3		27	1
129	2025-06-04 15:13:38.783426+00	35	Clockify object (35)	3		27	1
130	2025-06-04 15:13:38.783517+00	34	Clockify object (34)	3		27	1
131	2025-06-04 15:13:38.783543+00	33	Clockify object (33)	3		27	1
132	2025-06-04 15:13:50.557367+00	1234324	Alyssa Lewis	3		12	1
133	2025-06-04 15:13:50.557412+00	67676	Teresa Hoylman	3		12	1
134	2025-06-04 15:13:50.557433+00	43	Ian Yarwood	3		12	1
135	2025-06-04 15:19:49.275488+00	57	Alyssa Gen Fund	1	[{"added": {}}]	7	1
136	2025-06-04 15:20:09.410538+00	58	Alyssa Sick Fund	1	[{"added": {}}]	7	1
137	2025-06-04 15:20:25.426266+00	59	Alyssa Vac Fund	1	[{"added": {}}]	7	1
138	2025-06-04 15:21:37.224495+00	1234	Alyssa Lewis	1	[{"added": {}}]	12	1
139	2025-06-04 17:37:17.604759+00	5555	popeyes	2	[{"changed": {"fields": ["Cash Balance", "Dept", "SoF"]}}]	7	1
140	2025-06-04 17:37:29.222399+00	1234	TESTING	2	[{"changed": {"fields": ["Cash Balance", "Dept", "SoF"]}}]	7	1
141	2025-06-04 17:54:16.941846+00	60	Alyssa Comp Fund	1	[{"added": {}}]	7	1
142	2025-06-04 17:54:35.135624+00	61	Alyssa Holiday Fund	1	[{"added": {}}]	7	1
143	2025-06-04 17:54:36.407391+00	1234	Alyssa Lewis	2	[{"changed": {"fields": ["Comp pay fund", "Holiday pay fund"]}}]	12	1
144	2025-06-04 18:10:02.341658+00	2025-04	Pay Period 2025-04 (2025-05-10 - 2025-05-24)	1	[{"added": {}}]	28	1
145	2025-06-04 18:12:49.415287+00	56	Environmental	1	[{"added": {}}]	11	1
146	2025-06-04 18:13:12.71994+00	64	Environmental Fund	1	[{"added": {}}]	7	1
147	2025-06-04 18:13:18.054385+00	3	ActivityList object (3)	1	[{"added": {}}]	19	1
148	2025-06-04 18:13:55.972303+00	2	ActivityList object (2)	3		19	1
149	2025-06-04 18:14:02.474386+00	1	ActivityList object (1)	2	[]	19	1
150	2025-06-04 18:14:19.719146+00	4	ActivityList object (4)	1	[{"added": {}}]	19	1
151	2025-06-04 18:14:50.201946+00	5	ActivityList object (5)	1	[{"added": {}}]	19	1
152	2025-06-04 18:15:08.422943+00	6	ActivityList object (6)	1	[{"added": {}}]	19	1
153	2025-06-04 18:15:53.135697+00	7	AD-SICK out	1	[{"added": {}}]	19	1
154	2025-06-04 18:16:23.526084+00	8	AD-COMP	1	[{"added": {}}]	19	1
155	2025-06-04 18:16:36.41821+00	9	AD-COMP out	1	[{"added": {}}]	19	1
156	2025-06-04 18:17:19.66024+00	10	AD-MAC	1	[{"added": {}}]	19	1
157	2025-06-04 18:18:10.634237+00	11	AD-HOLIDAY	1	[{"added": {}}]	19	1
158	2025-06-04 18:18:26.049147+00	12	AD-HOLIDAY out	1	[{"added": {}}]	19	1
159	2025-06-04 18:18:50.429935+00	13	AD-VAC	1	[{"added": {}}]	19	1
160	2025-06-04 18:19:02.399639+00	14	AD-VAC out	1	[{"added": {}}]	19	1
161	2025-06-04 18:20:20.359611+00	66	Alyssa MAC Fund	1	[{"added": {}}]	7	1
162	2025-06-04 18:20:21.392419+00	1234	Alyssa Lewis	2	[{"changed": {"fields": ["Mac pay fund"]}}]	12	1
163	2025-06-04 18:32:39.174113+00	32	Payroll object (32)	3		22	1
164	2025-06-04 18:32:39.174186+00	31	Payroll object (31)	3		22	1
165	2025-06-04 18:32:39.174216+00	30	Payroll object (30)	3		22	1
166	2025-06-04 18:32:39.174239+00	29	Payroll object (29)	3		22	1
167	2025-06-04 18:32:39.17426+00	28	Payroll object (28)	3		22	1
168	2025-06-04 18:32:39.17428+00	27	Payroll object (27)	3		22	1
169	2025-06-04 18:32:39.174298+00	26	Payroll object (26)	3		22	1
170	2025-06-04 18:32:39.174317+00	25	Payroll object (25)	3		22	1
171	2025-06-04 18:32:39.174354+00	24	Payroll object (24)	3		22	1
172	2025-06-04 18:32:39.174375+00	23	Payroll object (23)	3		22	1
173	2025-06-04 18:32:39.174394+00	22	Payroll object (22)	3		22	1
174	2025-06-04 18:32:39.174414+00	21	Payroll object (21)	3		22	1
175	2025-06-04 18:32:39.174466+00	20	Payroll object (20)	3		22	1
176	2025-06-04 18:32:39.1745+00	19	Payroll object (19)	3		22	1
177	2025-06-04 18:32:39.174522+00	18	Payroll object (18)	3		22	1
178	2025-06-04 18:32:39.174541+00	17	Payroll object (17)	3		22	1
179	2025-06-04 18:32:39.17456+00	16	Payroll object (16)	3		22	1
180	2025-06-04 18:32:39.174579+00	15	Payroll object (15)	3		22	1
181	2025-06-04 18:32:39.174598+00	14	Payroll object (14)	3		22	1
182	2025-06-04 18:32:39.174616+00	13	Payroll object (13)	3		22	1
183	2025-06-04 18:32:39.174634+00	12	Payroll object (12)	3		22	1
184	2025-06-04 18:32:39.174651+00	11	Payroll object (11)	3		22	1
185	2025-06-04 18:32:58.366385+00	64	Environmental Fund	2	[{"changed": {"fields": ["Cash Balance"]}}]	7	1
186	2025-06-04 18:33:10.416889+00	57	Alyssa Gen Fund	2	[{"changed": {"fields": ["Cash Balance"]}}]	7	1
187	2025-06-04 18:33:18.640232+00	1234	TESTING	2	[{"changed": {"fields": ["Cash Balance"]}}]	7	1
188	2025-06-04 18:33:59.720165+00	2025-04	Pay Period 2025-04 (2025-05-10 - 2025-05-24)	2	[]	28	1
189	2025-06-04 18:36:21.438325+00	1234	Alyssa Lewis	2	[]	12	1
190	2025-06-09 14:47:00.615032+00	33	Payroll object (33)	2	[]	22	1
191	2025-06-09 14:47:09.7414+00	14	AD-VAC out	2	[]	19	1
192	2025-06-09 16:06:45.979705+00	1	AD-ADMIN	2	[{"changed": {"fields": ["Fund"]}}]	19	1
193	2025-06-16 17:26:21.492492+00	3	EN-FOOD	2	[]	19	1
194	2025-06-16 17:26:34.240981+00	1	AD-ADMIN	2	[]	19	1
195	2025-06-16 17:26:51.772452+00	1234	Alyssa Lewis	2	[]	12	1
196	2025-06-16 17:27:00.118261+00	14	AD-VAC out	2	[]	19	1
197	2025-06-18 18:22:36.041394+00	10	R	3		17	1
198	2025-06-18 18:22:36.041449+00	9	F	3		17	1
199	2025-06-18 18:22:36.041471+00	8	p	3		17	1
200	2025-06-18 18:22:36.041487+00	7	B	3		17	1
201	2025-06-18 18:22:36.041503+00	6	e	3		17	1
202	2025-06-18 18:22:36.041519+00	5	Testing Company	3		17	1
203	2025-06-18 18:22:36.041536+00	4	Testing Company	3		17	1
204	2025-06-18 18:22:36.04155+00	3	Carys Yarwood	3		17	1
205	2025-06-18 18:22:36.041564+00	2	Ian	3		17	1
206	2025-06-24 14:03:07.86957+00	5555	popeyes	2	[{"changed": {"fields": ["Cash Balance"]}}]	7	1
207	2025-06-27 17:18:13.163382+00	1	Grant object (1)	1	[{"added": {}}, {"added": {"name": "grant allocation", "object": "GrantAllocation object (1)"}}, {"added": {"name": "grant allocation", "object": "GrantAllocation object (2)"}}]	23	1
208	2025-06-27 17:53:46.727929+00	1	Grant object (1)	2	[]	23	1
209	2025-06-27 19:06:15.696653+00	1	Grant object (1)	2	[]	23	1
210	2025-07-01 14:16:50.41409+00	3	Grant object (3)	3		23	1
211	2025-07-01 14:17:11.285639+00	2	Grant object (2)	2	[{"added": {"name": "grant allocation", "object": "GrantAllocation object (5)"}}, {"added": {"name": "grant allocation", "object": "GrantAllocation object (6)"}}]	23	1
212	2025-07-01 17:34:12.280765+00	1	GrantLine object (1)	2	[]	33	1
213	2025-07-01 17:37:19.005971+00	5	Expense object (5)	2	[]	29	1
214	2025-07-01 18:14:11.921725+00	1	GrantLine object (1)	2	[{"changed": {"fields": ["Budgeted", "Encumbered", "Budget Spent", "Total Income"]}}]	33	1
215	2025-07-01 18:48:39.818866+00	1	Grant Line A	2	[{"changed": {"fields": ["Encumbered"]}}]	33	1
216	2025-07-01 18:48:42.342054+00	1	Grant Line A	2	[]	33	1
217	2025-07-01 18:48:51.385366+00	2	Line B	2	[{"changed": {"fields": ["Encumbered"]}}]	33	1
218	2025-07-01 18:51:45.758669+00	1	Testing	2	[{"changed": {"name": "grant allocation", "object": "GrantAllocation object (2)", "fields": ["Amount"]}}]	23	1
219	2025-07-01 18:51:48.946803+00	1	Testing	2	[]	23	1
220	2025-07-01 18:51:53.239642+00	2	Grant 2	2	[]	23	1
221	2025-07-01 18:52:56.629682+00	7	GrantExpense object (7)	3		32	1
222	2025-07-01 18:52:56.629811+00	6	GrantExpense object (6)	3		32	1
223	2025-07-01 18:52:56.629832+00	5	GrantExpense object (5)	3		32	1
224	2025-07-01 18:52:56.629849+00	4	GrantExpense object (4)	3		32	1
225	2025-07-01 18:52:56.629865+00	3	GrantExpense object (3)	3		32	1
226	2025-07-01 18:52:56.62988+00	1	GrantExpense object (1)	3		32	1
227	2025-07-07 17:23:36.206138+00	1	IYarwood	2	[]	4	1
228	2025-07-07 17:23:44.76408+00	1234	Alyssa Lewis	2	[]	12	1
229	2025-07-07 19:06:10.432278+00	1	Testing	2	[{"deleted": {"name": "grant allocation", "object": "GrantAllocation object (None)"}}]	23	1
230	2025-07-07 19:06:13.713237+00	1	Testing	2	[]	23	1
231	2025-07-07 19:06:18.610663+00	2	Grant 2	2	[{"deleted": {"name": "grant allocation", "object": "GrantAllocation object (None)"}}]	23	1
232	2025-07-07 19:11:28.271511+00	1	Testing	2	[]	23	1
233	2025-07-08 15:11:06.376075+00	4	Testing Encumbered and Spent	2	[{"changed": {"fields": ["Remaining"]}}]	33	1
234	2025-07-08 15:11:14.539905+00	2	Line B	2	[{"changed": {"fields": ["Remaining"]}}]	33	1
235	2025-07-08 15:11:44.608779+00	8	GrantExpense object (8)	3		32	1
236	2025-07-08 15:12:02.143348+00	1	Grant Line A	2	[{"changed": {"fields": ["Budgeted", "Remaining", "Budget Spent"]}}]	33	1
237	2025-07-08 15:13:36.720482+00	1	Grant Line A	2	[{"changed": {"fields": ["Budget Spent"]}}]	33	1
238	2025-07-08 17:25:38.679446+00	5555	popeyes	2	[{"changed": {"fields": ["Cash Balance", "Total Given", "Remaining"]}}]	7	1
239	2025-07-08 17:39:07.510997+00	8867	New Fund System	2	[{"changed": {"fields": ["Budgeted", "Remaining"]}}]	7	1
240	2025-07-08 18:19:27.080233+00	1	Grant Line A	2	[{"changed": {"fields": ["Receiving Line"]}}]	33	1
241	2025-07-08 18:19:31.475754+00	2	Line B	2	[{"changed": {"fields": ["Receiving Line"]}}]	33	1
242	2025-07-08 18:19:35.71973+00	4	Testing Encumbered and Spent	2	[{"changed": {"fields": ["Receiving Line"]}}]	33	1
243	2025-07-08 18:20:33.38413+00	1	Grant Line A	2	[]	33	1
244	2025-07-08 19:47:34.586164+00	2	Grant 2	2	[{"changed": {"fields": ["Received"]}}]	23	1
245	2025-07-08 19:48:04.035403+00	5	Receiving Line	2	[{"changed": {"fields": ["Total Income"]}}]	33	1
246	2025-07-10 14:34:55.962813+00	5	Receiving Line	2	[]	33	1
247	2025-07-10 14:35:01.669292+00	4	Testing Encumbered and Spent	2	[{"changed": {"fields": ["Line Type"]}}]	33	1
248	2025-07-10 14:35:05.965071+00	2	Line B	2	[]	33	1
249	2025-07-10 14:35:09.21263+00	1	Grant Line A	2	[{"changed": {"fields": ["Line Type"]}}]	33	1
250	2025-07-10 14:40:59.467359+00	7	New Lines with budget	2	[]	10	1
251	2025-07-10 14:41:03.186294+00	3	Popeyes Line	2	[{"changed": {"fields": ["Line Type"]}}]	10	1
252	2025-07-10 15:10:15.369599+00	3	Benefits object (3)	1	[{"added": {}}]	21	1
253	2025-07-10 15:10:21.491684+00	3	Benefits object (3)	2	[]	21	1
254	2025-07-30 18:48:13.971637+00	1234	Alyssa Lewis	2	[]	12	1
255	2025-08-05 15:06:14.81838+00	3	ALewis	1	[{"added": {}}]	4	1
256	2025-08-05 15:06:27.075545+00	3	ALewis	2	[{"changed": {"fields": ["Staff status", "Superuser status"]}}]	4	1
257	2025-08-05 15:08:57.213622+00	3	ALewis	2	[]	4	1
258	2025-08-05 15:10:05.548306+00	1234	Alyssa Lewis	2	[{"changed": {"fields": ["User account"]}}]	12	1
259	2025-08-14 14:55:56.04909+00	1234	Alyssa Lewis	2	[]	12	1
260	2025-08-18 15:16:31.220407+00	2025-05	Pay Period 2025-05 (2025-07-06 - 2025-07-19)	2	[{"changed": {"fields": ["Pay Period"]}}]	28	1
261	2025-08-18 15:16:55.082435+00	July	Pay Period July (2025-07-06 - 2025-07-19)	3		28	1
262	2025-09-11 13:39:08.102676+00	223	Shouldn't work	1	[{"added": {}}]	10	1
263	2025-09-11 15:32:50.579288+00	223-43	Testing on Edit Edits	2	[{"changed": {"fields": ["Line Name"]}}]	10	1
264	2025-09-22 17:49:46.43499+00	2	Grant 2	2	[{"changed": {"fields": ["MaxRevenueLines"]}}]	23	1
265	2025-09-24 17:36:48.036331+00	1	TestingLine	2	[{"changed": {"fields": ["Budgeted"]}}]	10	1
266	2025-09-24 19:25:29.914576+00	2025-442-23	Budgeted	2	[{"changed": {"fields": ["Budgeted"]}}]	10	1
267	2025-09-25 14:43:57.653113+00	7	New revenue	2	[{"changed": {"fields": ["Item Name"]}}]	13	1
268	2025-09-25 15:08:39.673944+00	2025-442-23	Budgeted	2	[{"changed": {"fields": ["Budgeted"]}}]	10	1
269	2025-09-26 15:51:42.561141+00	17	BAd revenue	2	[{"changed": {"fields": ["Budgeted"]}}]	33	1
270	2025-09-26 16:42:18.104644+00	23	2025-09-26 $0.10	3		29	1
271	2025-09-26 16:43:05.462085+00	2025-442-43	New Expense	2	[{"changed": {"fields": ["Budgeted"]}}]	10	1
272	2025-09-26 16:44:06.708595+00	2025-442-43	New Expense	2	[{"changed": {"fields": ["Budgeted"]}}]	10	1
273	2025-09-26 16:46:23.191516+00	2025-442-43	New Expense	2	[{"changed": {"fields": ["Budgeted"]}}]	10	1
274	2025-09-26 16:50:42.286634+00	2025-442-43	New Expense	2	[{"changed": {"fields": ["Budgeted"]}}]	10	1
275	2025-10-01 17:12:15.033548+00	2025-442-588	TEsing with class	2	[{"changed": {"fields": ["Budgeted"]}}]	10	1
276	2025-10-02 15:09:43.790102+00	14	2025-09-29 $1.00	2	[{"changed": {"fields": ["Reference"]}}]	30	1
277	2025-10-02 15:09:48.606515+00	13	2025-09-29 $1.00	2	[{"changed": {"fields": ["Reference"]}}]	30	1
278	2025-10-02 15:09:59.689044+00	12	2025-09-29 $1.00	2	[{"changed": {"fields": ["Reference", "Grant Line"]}}]	30	1
279	2025-10-02 15:16:44.637201+00	9	2025-08-05 $1.00	2	[{"changed": {"fields": ["Reference"]}}]	30	1
280	2025-10-06 15:28:26.496179+00	2021-89-13	(2021-89-13) Exceed	3		10	1
281	2025-10-06 15:31:52.447215+00	2021-89-43	(2021-89-43) Adding 10	3		10	1
282	2025-10-06 15:31:56.883265+00	2021-89-12	(2021-89-12) Expense 10	3		10	1
283	2025-10-06 15:33:23.59611+00	2021-89-11	(2021-89-11) Add 20	2	[{"changed": {"fields": ["Budgeted"]}}]	10	1
284	2025-10-06 15:34:36.763306+00	2021-89-11	(2021-89-11) Add 20	3		10	1
285	2025-10-06 15:34:47.929649+00	2021-89-10	(2021-89-10) expense 10	3		10	1
286	2025-10-06 15:34:54.174273+00	2021-89-12	(2021-89-12) TEsting exceed	3		10	1
287	2025-10-06 15:36:20.158629+00	2021-89-10	(2021-89-10) adding 10	2	[{"changed": {"fields": ["Budgeted"]}}]	10	1
288	2025-10-09 15:18:16.353872+00	1234	Alyssa Lewis	2	[]	12	1
289	2025-10-10 14:32:33.152104+00	1234	Alyssa Lewis	2	[{"changed": {"fields": ["Email"]}}]	12	1
290	2025-10-10 14:46:30.989342+00	57-33	(57-33) Employee Pay Line	2	[{"changed": {"fields": ["Budgeted"]}}]	10	3
291	2025-10-10 14:50:39.753187+00	57-33	(57-33) Employee Pay Line	2	[{"changed": {"fields": ["Budgeted"]}}]	10	1
292	2025-10-10 15:17:16.462042+00	2025-06	Pay Period 2025-06 (2025-09-14 - 2025-09-26)	2	[{"changed": {"fields": ["Pay Period"]}}]	28	3
293	2025-10-10 15:18:07.185598+00	2025-06	Pay Period 2025-06 (2025-09-14 - 2025-09-26)	2	[]	28	3
294	2025-10-10 15:18:17.877704+00	Sept	Pay Period Sept (2025-09-14 - 2025-09-26)	3		28	3
295	2025-10-10 16:20:04.262873+00	2025-57	(2025-57) Alyssa Gen Fund	2	[{"changed": {"fields": ["Fund ID"]}}]	7	3
\.


--
-- Data for Name: django_content_type; Type: TABLE DATA; Schema: public; Owner: postgres
--

COPY public.django_content_type (id, app_label, model) FROM stdin;
1	admin	logentry
2	auth	permission
3	auth	group
4	auth	user
5	contenttypes	contenttype
6	sessions	session
7	WCHDApp	fund
8	WCHDApp	testingtable
9	WCHDApp	testing
10	WCHDApp	line
11	WCHDApp	dept
12	WCHDApp	employee
13	WCHDApp	item
14	WCHDApp	invoice
15	WCHDApp	purchaseorder
16	WCHDApp	voucher
17	WCHDApp	people
18	WCHDApp	budgetactions
19	WCHDApp	activitylist
20	WCHDApp	carryover
21	WCHDApp	benefits
22	WCHDApp	payroll
24	WCHDApp	transaction
25	WCHDApp	accesscontrol
26	WCHDApp	variable
27	WCHDApp	clockify
28	WCHDApp	payperiod
29	WCHDApp	expense
30	WCHDApp	revenue
23	WCHDApp	grant
31	WCHDApp	grantitem
32	WCHDApp	grantexpense
33	WCHDApp	grantline
34	WCHDApp	grantallocation
\.


--
-- Data for Name: django_migrations; Type: TABLE DATA; Schema: public; Owner: postgres
--

COPY public.django_migrations (id, app, name, applied) FROM stdin;
1	WCHDApp	0001_initial	2025-02-25 19:59:59.600286+00
2	WCHDApp	0002_alter_fund_table	2025-02-25 19:59:59.616664+00
3	contenttypes	0001_initial	2025-02-25 19:59:59.629472+00
4	auth	0001_initial	2025-02-25 19:59:59.710647+00
5	admin	0001_initial	2025-02-25 19:59:59.740743+00
6	admin	0002_logentry_remove_auto_add	2025-02-25 19:59:59.75892+00
7	admin	0003_logentry_add_action_flag_choices	2025-02-25 19:59:59.778914+00
8	contenttypes	0002_remove_content_type_name	2025-02-25 19:59:59.825196+00
9	auth	0002_alter_permission_name_max_length	2025-02-25 19:59:59.852628+00
10	auth	0003_alter_user_email_max_length	2025-02-25 19:59:59.878162+00
11	auth	0004_alter_user_username_opts	2025-02-25 19:59:59.900335+00
12	auth	0005_alter_user_last_login_null	2025-02-25 19:59:59.92082+00
13	auth	0006_require_contenttypes_0002	2025-02-25 19:59:59.925045+00
14	auth	0007_alter_validators_add_error_messages	2025-02-25 19:59:59.945784+00
15	auth	0008_alter_user_username_max_length	2025-02-25 19:59:59.969542+00
16	auth	0009_alter_user_last_name_max_length	2025-02-25 19:59:59.993538+00
17	auth	0010_alter_group_name_max_length	2025-02-25 20:00:00.017171+00
18	auth	0011_update_proxy_permissions	2025-02-25 20:00:00.05044+00
19	auth	0012_alter_user_first_name_max_length	2025-02-25 20:00:00.073052+00
20	sessions	0001_initial	2025-02-25 20:00:00.091026+00
21	WCHDApp	0002_testingtable	2025-02-25 20:13:00.073278+00
22	WCHDApp	0003_delete_testingtable	2025-02-25 20:36:12.332923+00
23	WCHDApp	0004_lines	2025-02-26 18:37:40.745662+00
24	WCHDApp	0005_alter_lines_options	2025-02-26 18:37:40.793174+00
25	WCHDApp	0006_delete_lines	2025-02-26 18:37:40.801013+00
26	WCHDApp	0007_alter_fund_table	2025-02-26 18:41:15.868786+00
27	WCHDApp	0008_testing	2025-02-26 18:43:14.082103+00
28	WCHDApp	0009_alter_fund_dept_id_alter_fund_fund_name_and_more	2025-02-26 19:14:41.961629+00
29	WCHDApp	0010_rename_fund_line_fund_id	2025-03-04 18:40:42.508946+00
30	WCHDApp	0011_rename_fund_id_line_fund	2025-03-04 18:48:24.440432+00
31	WCHDApp	0012_rename_fund_line_fund_id	2025-03-04 20:07:57.99484+00
32	WCHDApp	0013_rename_fund_id_line_fund	2025-03-04 20:30:28.606569+00
33	WCHDApp	0014_dept_remove_fund_dept_id_and_more	2025-03-08 18:26:26.483889+00
34	WCHDApp	0015_testing_fund_year	2025-03-19 00:27:15.308101+00
35	WCHDApp	0016_alter_dept_dept_id_alter_fund_sof	2025-03-20 18:04:54.178042+00
36	WCHDApp	0017_alter_dept_dept_name_alter_employee_city_and_more	2025-03-24 17:13:07.54995+00
37	WCHDApp	0018_people_invoice_purchaseorder_voucher	2025-03-25 18:41:04.018408+00
38	WCHDApp	0019_rename_vendor_customer_invoice_people_and_more	2025-03-25 18:55:19.157757+00
39	WCHDApp	0020_rename_business_purchaseorder_people_and_more	2025-03-25 18:57:18.63608+00
40	WCHDApp	0021_alter_invoice_people	2025-03-25 18:59:33.945835+00
41	WCHDApp	0022_alter_invoice_people	2025-03-25 19:00:08.254633+00
42	WCHDApp	0023_alter_invoice_table_alter_people_table_and_more	2025-03-25 19:11:25.110121+00
43	WCHDApp	0024_testing_fund	2025-03-25 23:25:08.87938+00
45	WCHDApp	0025_alter_testing_fund	2025-03-25 23:27:04.063518+00
46	WCHDApp	0026_alter_testing_fund	2025-03-25 23:27:40.192698+00
47	WCHDApp	0027_alter_testing_fund	2025-03-25 23:28:10.547424+00
48	WCHDApp	0028_remove_testing_fund	2025-03-25 23:28:38.810181+00
49	WCHDApp	0029_testing_fund	2025-03-26 00:23:29.80572+00
50	WCHDApp	0030_budgetactions_activitylist_benefits_carryover_grants_and_more	2025-03-27 17:39:13.536353+00
51	WCHDApp	0031_rename_emp_id_benefits_emp_alter_activitylist_active_and_more	2025-03-27 17:55:45.555329+00
52	WCHDApp	0032_rename_emp_benefits_employee	2025-03-27 17:56:30.654085+00
53	WCHDApp	0033_remove_benefits_pers	2025-03-31 17:26:07.335384+00
54	WCHDApp	0034_rename_emp_id_employee_employee_id	2025-03-31 17:40:26.881084+00
55	WCHDApp	0035_remove_benefits_board_share_hrly_and_more	2025-03-31 20:57:20.121531+00
56	WCHDApp	0036_transaction	2025-04-03 22:18:22.584871+00
57	WCHDApp	0037_alter_transaction_table	2025-04-03 22:19:10.406618+00
58	WCHDApp	0038_rename_name_id_people_people_id	2025-04-04 17:28:58.40169+00
59	WCHDApp	0039_alter_transaction_paytype	2025-04-08 19:16:46.730612+00
60	WCHDApp	0040_accesscontrol	2025-04-09 14:20:41.626202+00
61	WCHDApp	0041_variable_alter_activitylist_fphs_alter_dept_dept_id_and_more	2025-04-13 22:43:20.085113+00
62	WCHDApp	0042_alter_variable_value	2025-04-13 22:45:15.159871+00
63	WCHDApp	0043_alter_transaction_date	2025-04-13 23:26:12.652793+00
64	WCHDApp	0044_clockify	2025-04-17 17:32:10.676577+00
65	WCHDApp	0045_alter_clockify_enddate_alter_clockify_startdate	2025-04-18 00:24:31.058702+00
66	WCHDApp	0046_rename_activitylist_clockify_program	2025-04-18 00:26:37.793016+00
67	WCHDApp	0047_rename_program_clockify_activitylist	2025-04-18 00:28:49.376299+00
68	WCHDApp	0048_rename_program_id_activitylist_activitylist_id	2025-04-18 00:33:47.387143+00
69	WCHDApp	0049_clockify_hours	2025-04-23 14:01:49.564104+00
70	WCHDApp	0050_clockify_fund	2025-04-23 14:41:42.089667+00
71	WCHDApp	0051_remove_clockify_fund	2025-04-23 14:56:47.081802+00
72	WCHDApp	0052_rename_activitylist_payroll_activitylist_and_more	2025-06-02 15:43:00.311876+00
73	WCHDApp	0053_alter_payroll_beg_date_alter_payroll_end_date	2025-06-02 15:53:56.943805+00
74	WCHDApp	0054_payperiod	2025-06-03 15:20:28.323086+00
75	WCHDApp	0055_payroll_payperiod	2025-06-03 15:26:25.461937+00
76	WCHDApp	0056_remove_payroll_payperiod	2025-06-03 15:37:27.089224+00
77	WCHDApp	0057_alter_payroll_beg_date_alter_payroll_end_date	2025-06-03 15:52:56.63454+00
78	WCHDApp	0058_payperiod_periodid	2025-06-03 15:59:26.82329+00
79	WCHDApp	0059_remove_payperiod_id_alter_payperiod_periodid	2025-06-03 16:04:30.13041+00
80	WCHDApp	0060_remove_payroll_payroll_id_payroll_id	2025-06-03 18:14:04.301369+00
81	WCHDApp	0061_payroll_payperiod	2025-06-04 14:18:08.706741+00
82	WCHDApp	0062_rename_periodid_payperiod_payperiod_id	2025-06-04 14:28:11.510934+00
83	WCHDApp	0063_rename_payperiod_id_payperiod_id	2025-06-04 14:29:21.100458+00
84	WCHDApp	0064_rename_id_payperiod_payperiod_id	2025-06-04 14:30:17.139916+00
85	WCHDApp	0065_employee_gen_pay_fund_employee_sick_pay_fund_and_more	2025-06-04 15:17:53.526235+00
86	WCHDApp	0066_employee_comp_pay_fund_employee_holiday_pay_fund	2025-06-04 17:53:44.685533+00
87	WCHDApp	0067_alter_employee_comp_pay_fund_and_more	2025-06-04 18:19:56.184636+00
88	WCHDApp	0068_employee_mac_pay_fund	2025-06-04 18:19:56.214927+00
89	WCHDApp	0069_alter_employee_mac_pay_fund	2025-06-04 18:20:42.766307+00
90	WCHDApp	0070_expense_revenue	2025-06-18 14:47:11.49494+00
91	WCHDApp	0071_alter_expense_warrant	2025-06-18 14:47:11.523509+00
92	WCHDApp	0072_revenue_item	2025-06-18 15:07:06.367482+00
93	WCHDApp	0073_expense_item	2025-06-18 18:51:47.774004+00
94	WCHDApp	0074_grantitem_grantexpense_rename_grants_grant_grantline	2025-06-27 17:02:20.111061+00
95	WCHDApp	0075_remove_grant_fund_grantallocation_grant_fund	2025-06-27 17:09:01.790703+00
96	WCHDApp	0076_rename_fund_grant_funds	2025-06-27 18:01:39.695386+00
97	WCHDApp	0077_remove_grantexpense_grantitem_grantexpense_grantline	2025-06-30 14:10:31.232868+00
98	WCHDApp	0078_alter_grantallocation_amount	2025-06-30 15:18:53.680888+00
99	WCHDApp	0079_rename_funds_grant_fund	2025-06-30 15:19:55.139533+00
100	WCHDApp	0080_rename_line_id_grantline_grantline_id	2025-07-01 16:53:56.10866+00
101	WCHDApp	0081_rename_grantline_grantexpense_grantline	2025-07-01 17:15:24.841166+00
102	WCHDApp	0082_alter_grantexpense_fund	2025-07-01 18:36:06.676613+00
103	WCHDApp	0083_alter_grantexpense_fund	2025-07-01 18:36:28.953519+00
104	WCHDApp	0084_alter_grantexpense_fund_alter_grantexpense_grantline	2025-07-01 18:39:30.173185+00
105	WCHDApp	0085_remove_grant_fund_grant_fund	2025-07-07 19:11:15.921035+00
106	WCHDApp	0086_expense_grantline	2025-07-07 19:20:12.539334+00
107	WCHDApp	0087_alter_expense_activitylist_alter_expense_employee_and_more	2025-07-07 19:39:27.279184+00
108	WCHDApp	0088_remove_grantline_line_encumbered	2025-07-08 15:08:44.610505+00
109	WCHDApp	0089_grantline_line_budget_remaining	2025-07-08 15:09:59.599856+00
110	WCHDApp	0090_remove_line_line_encumbered_and_more	2025-07-08 15:36:53.834298+00
111	WCHDApp	0091_fund_fund_budgeted_fund_fund_remaining_and_more	2025-07-08 17:24:54.398333+00
112	WCHDApp	0092_grantline_receivingline	2025-07-08 18:14:27.353804+00
113	WCHDApp	0093_alter_grantline_receivingline	2025-07-08 18:20:24.001636+00
114	WCHDApp	0094_grant_received	2025-07-08 18:59:05.272462+00
115	WCHDApp	0095_revenue_grantline	2025-07-08 19:29:54.360598+00
116	WCHDApp	0096_remove_grantline_receivingline	2025-07-10 14:31:49.626438+00
117	WCHDApp	0097_grantline_linetype	2025-07-10 14:34:30.410226+00
118	WCHDApp	0098_line_linetype	2025-07-10 14:40:47.824408+00
119	WCHDApp	0099_alter_line_fund	2025-07-10 15:13:57.295439+00
120	WCHDApp	0100_remove_fund_fund_remaining	2025-07-10 15:13:57.319349+00
121	WCHDApp	0101_delete_clockify	2025-07-30 17:48:43.089692+00
122	WCHDApp	0102_alter_dept_dept_id	2025-07-30 17:51:57.129904+00
123	WCHDApp	0103_remove_grantexpense_fund_and_more	2025-07-30 18:06:16.466824+00
124	WCHDApp	0104_remove_employee_comp_pay_fund_and_more	2025-07-30 18:40:22.251137+00
125	WCHDApp	0105_alter_employee_specialfund	2025-07-30 18:40:49.284033+00
126	WCHDApp	0106_alter_employee_specialfund	2025-07-30 18:41:08.804463+00
127	WCHDApp	0107_employee_user	2025-08-05 15:09:32.29712+00
128	WCHDApp	0108_alter_employee_user	2025-08-05 15:09:54.799246+00
129	WCHDApp	0109_alter_activitylist_dept_alter_activitylist_fund_and_more	2025-08-12 15:05:26.24121+00
130	WCHDApp	0110_alter_line_line_id	2025-08-12 15:19:00.175094+00
131	WCHDApp	0111_remove_line_cofund_remove_line_county_code_and_more	2025-08-19 15:08:53.159431+00
132	WCHDApp	0112_alter_line_line_budget_spent_and_more	2025-08-19 15:11:24.630767+00
133	WCHDApp	0113_remove_purchaseorder_people_remove_voucher_people_and_more	2025-08-19 15:13:11.222635+00
134	WCHDApp	0114_delete_transaction	2025-08-19 15:13:47.904257+00
135	WCHDApp	0115_employee_adminpayfund	2025-08-19 15:19:29.964639+00
136	WCHDApp	0116_alter_employee_adminpayfund	2025-08-19 15:19:49.543483+00
137	WCHDApp	0117_alter_fund_fund_id	2025-09-11 16:17:33.976953+00
138	WCHDApp	0118_remove_activitylist_odhafr_remove_expense_odhafr_and_more	2025-09-22 17:09:26.169488+00
139	WCHDApp	0119_grant_maxrevenuelines	2025-09-22 17:48:41.791989+00
140	WCHDApp	0120_remove_line_line_budget_remaining_and_more	2025-09-25 15:00:53.017334+00
141	WCHDApp	0121_remove_grantline_line_budget_remaining	2025-09-25 16:06:37.937768+00
142	WCHDApp	0122_remove_grantline_line_budget_spent_and_more	2025-09-25 16:06:57.784657+00
143	WCHDApp	0123_remove_fund_fund_budgeted	2025-09-26 16:49:30.944499+00
144	WCHDApp	0124_remove_grant_received	2025-09-29 14:38:17.798944+00
145	WCHDApp	0125_remove_fund_mac_elig	2025-10-02 14:46:13.697731+00
146	WCHDApp	0126_fund_year	2025-10-02 14:50:14.063212+00
147	WCHDApp	0127_alter_fund_year	2025-10-02 14:50:37.918915+00
148	WCHDApp	0128_remove_revenue_confirmation_revenue_reference	2025-10-02 14:52:13.03336+00
149	WCHDApp	0129_alter_revenue_reference	2025-10-02 14:52:32.753864+00
150	WCHDApp	0130_remove_grantline_cofund_remove_grantline_county_code_and_more	2025-10-02 14:54:58.392617+00
151	WCHDApp	0131_alter_revenue_reference	2025-10-02 15:16:55.578235+00
152	WCHDApp	0132_employee_payitem_employee_specialpayitem	2025-10-09 15:16:57.619369+00
153	WCHDApp	0133_alter_employee_payitem_alter_employee_specialpayitem	2025-10-09 15:17:38.779944+00
154	WCHDApp	0134_activitylist_item	2025-10-09 15:24:40.16438+00
155	WCHDApp	0135_alter_activitylist_item	2025-10-09 15:26:16.908453+00
156	WCHDApp	0136_employee_email	2025-10-10 14:31:35.627939+00
157	WCHDApp	0137_alter_employee_email	2025-10-10 14:31:54.060248+00
158	WCHDApp	0138_activitylist_paytype	2025-10-13 15:03:40.920478+00
\.


--
-- Data for Name: django_session; Type: TABLE DATA; Schema: public; Owner: postgres
--

COPY public.django_session (session_key, session_data, expire_date) FROM stdin;
h2dx3g91tim8zh469itt5itpx75od2vn	.eJxVjEEOwiAQRe_C2hBKmRZcuu8ZyMAwUjWQlHZlvLsh6UK3_73338LjsWd_tLT5lcRVDOLyuwWMz1Q6oAeWe5Wxln1bg-yKPGmTS6X0up3u30HGlnvNBFo7HChgmjUwkHJhTJPBwMBsLClWyjgbHdrRJUBjJg4GaQY7gPh8AQgxOG8:1u31xq:MjalO7MyEFRE5HKfdlPD2XKZnt8oX_31lGPu3tsN-gc	2025-04-25 00:09:46.859247+00
hw6xpmtgzuumz242kbk3oi3f1vfughyi	.eJxVjEEOwiAQRe_C2hBahg64dO8ZyAxDpWpoUtqV8e7apAvd_vfef6lI21ri1vISJ1Fn1avT78aUHrnuQO5Ub7NOc12XifWu6IM2fZ0lPy-H-3dQqJVvjeADA3MKPEryLicxgs4OHTk0dgCHFHoitAQGLUP2yOBdx2MiI6zeH-65OC8:1u32ft:o0HZnJYjIF8JvnlbCk_I-HzRhOzoRmzHmdX6ZNfjfWU	2025-04-25 00:55:17.411982+00
jamsmzptjannpq06195c6cr2hjnqokt1	.eJxVjEEOwiAQRe_C2hBKmRZcuu8ZyMAwUjWQlHZlvLsh6UK3_73338LjsWd_tLT5lcRVDOLyuwWMz1Q6oAeWe5Wxln1bg-yKPGmTS6X0up3u30HGlnvNBFo7HChgmjUwkHJhTJPBwMBsLClWyjgbHdrRJUBjJg4GaQY7gPh8AQgxOG8:1u3EVT:wMYfyS6Xyf9jg3CiDEVE5B06eEcro9YqeTcupycRh28	2025-04-25 13:33:19.807973+00
zz1wgfgj1d1z0f33irbzs0gubl6tbrk4	.eJxVjs0OgjAQhF_F9Ko2C93-wNG7z9DstkXwBxJaTsZ3FxIOmsxp5pvJvIWnpfR-yWn2QxStqMXp12MKjzRuQbzTeJtkmMYyDyw3RO5pltcppudlZ_8Gesr92rboGkbm0HAXg9MpRIhWK1ORtqAMaktNTWQVIVjFmJxldLriLhBEXkdzynmYRp8LzcWX4ZW2u1DrM6xyh8q0Gls00tYNojsCtADi8wUY1UcP:1uD4WE:PZ6qUOZVyrb8yjePV5V5YFTjFZ0Wr4PK5-hNd98LlEE	2025-05-22 16:54:46.73276+00
onezn6lhx9pprx8fvapvkmljxd446lt7	.eJxVjMsOgjAQRX_FdKs0Q-lIh6V7v6GZ0lbwURJaVsZ_FxIWur3n3PMWlpcy2CWH2Y5edKIWp9_Ncf8IaQP-zuk2yX5KZR6d3BS50yyvkw_Py-7-BQbOw_aOHpUirr3j0CqM6IFcE86aXcQYtfEQATSZntg0FJC1Pken2bdoalyjOeQ8TsnmwnOxZXyFtatAYQVYKTrUbYe6a0AqTUB0BOgAxOcLQBNHSw:1uKhSY:57NKIno57Hy17tsP1fQXJbmN2j3MS6j8MGXw-I05w70	2025-06-12 17:54:30.271577+00
aolxvasn5npo9yxgb3egrqswpa7g3yx2	.eJxVjMsOwiAQRX_FsFXJQBkKXbr3G8hQwNYHTQpdGf_dNulCt_ece97M0VIHt5Q4uzGwjgl2-t089Y-YNxDulG8T76dc59HzTeE7Lfw6hfi87O5fYKAybO8UUEpLIniKrcSEAaxvolbkE6akTIAEoKzpLZnGRiSldPKKQotG4BotsZRxyq5Umqur4yuuXQkSz2DOEg8COwmdanirdQt4BOgA2OcLP5tHQw:1v3EnC:2gE2Rws78j_akiELEH7YWPNF4nfnmSkSdwqM97VTYMM	2025-10-13 14:23:54.12564+00
sl256lvxpoqiqti2gt3le5fdb3kjdauc	.eJxVjMsOgjAQRX_FdKs206EDLUv3fkMzpa3gAxJaVsZ_FxIWur3n3PMWjpfSuyXH2Q1BtEKJ0-_muXvEcQPhzuNtkt00lnnwclPkTrO8TiE-L7v7F-g599s7BUK0rILn2CAlCmB9FWvNPlFK2gRIANqazrKpbCTWuk5ec2jIKFqjOeY8TKPLhefiyvCKaxcB6Qz1GaqDohZVCygbNBXCEaAFEJ8vPltHMA:1uMTRm:-pdFlppsP9Nemke0wX4dvErCDfPbVJNKwpEhCPSPZ1k	2025-06-17 15:21:02.737776+00
dstaf9r0psbkpji68mz5sytz4pnxz1oo	.eJxVjMsOgjAQRX_FdKs209IBytK939BMmVbwQRNaVsZ_FxIWur3n3PMWjpYyuCWH2Y0sOqHE6Xfz1D_CtAG-03RLsk9TmUcvN0XuNMtr4vC87O5fYKA8bO_IqLUlxZ5CozEig_VVqA35iDGaliECGNv2ltrKBiRj6ugNcYOtwjWaQ85jmlwuNBdXxldYuxo0nqE-gz0o02nTYSOxXkP6CNABiM8XP3ZHPQ:1uOdQn:nnQaWlvSTDGUOjTvq02Ami1PH6gS-WMDNMyM2CaTcyw	2025-06-23 14:24:57.571111+00
qrehgx4vvar1fywfiq5t4fyo8rwwm45a	.eJxVjMsOwiAQRX_FsFXJQJkWunTvN5ChgMUHTQpdGf_dNulCt_ece97M0lJHu5Qw2-RZzwQ7_W6OhkfIG_B3yreJD1Ouc3J8U_hOC79OPjwvu_sXGKmM2zt6lNKQ8I5CJzGiB-Oa0CpyEWNU2kMEUEYPhnRjApJSbXSKfIda4BotoZQ0ZVsqzdXW9AprV4LEM7RnAQfR9Ch7BVwDmM4cAXoA9vkCPspHPQ:1uOzP6:GVc8X_Zz81MZzrM6M8HrebLd4WnYwRVT-LGZKRczCTM	2025-06-24 13:52:40.818135+00
91oqir4hk07j2okpr5vr1t2x4l86f5ws	.eJxVjMsOwiAUBX_FsFXJhQIFlu79BnIpYPFRkkJXxn-3TbrQ7Zk58yYOlza6pcbZ5UAsYeT0u3kcHnHaQLjjdCt0KFObs6ebQnda6bWE-Lzs7l9gxDpu7xQk5wZZ8Bh7LpMMYHwXlUCfZEpCB0gAwujBoO5MlCiESl5g6KVmco3WWGsuk6sN5-ZafsW1y4HLM4gz5wdmLHALgqpeKdUdASwA-XwBPyBHQA:1u7dY4:sncwo4-p73inpHBHNQ06NtbLxlWP1VtPpa9ZZ79kvHk	2025-05-07 17:06:12.227975+00
3las43nb8k1al6de29b9inmiz33d04cl	.eJxVjMsOwiAQRX_FsNWSgTIIXbr3G8hQwOKjTQpdGf_dNulCt_ece97M0VIHt5Q4uxxYxwQ7_W6e-kccNxDuNN4m3k9jnbPnm8J3Wvh1CvF52d2_wEBl2N4poJSWRPAUzxITBrC-jVqRT5iSMgESgLKmt2RaG5GU0skrCmc0AtdoiaXkaXSl0lxdza-4diVIbEA3Qh-E6hR0aLlpjbHyCNABsM8XQC5HUA:1uRB19:kIFe-dc36dlbsrG5oUqMboOhE1qzCJxm3wlTx36P7eY	2025-06-30 14:40:59.848581+00
eijwhfz0oegymcpfub60p5hxyrz600me	.eJxVjMsOgjAQRX_FdKs20zIDLUv3fkMzpa3gAxJaVsZ_FxIWur3n3PMWjpfSuyXH2Q1BtEKJ0-_muXvEcQPhzuNtkt00lnnwclPkTrO8TiE-L7v7F-g599s7BdLasgqeY6MpUQDrq1gj-0QpoQmQANCazrKpbCRGrJNHDg0ZRWs0x5yHaXS58FxcGV5x7WrQdIb6rMxBYYtNi5VEMmTpCNACiM8XQFBHUA:1uWEmc:ZMbqbznTDuIdcAGuXaG0WYdBn2n2drphGFDvDqT30X8	2025-07-14 13:42:54.721212+00
mld3a28ixsx1kha4zstpymkxmb2mssus	.eJxVjMsOwiAQRX_FsFXJQJkWunTvN5ChgMUHTQpdGf_dNulCt_ece97M0lJHu5Qw2-RZzwQ7_W6OhkfIG_B3yreJD1Ouc3J8U_hOC79OPjwvu_sXGKmM2zt6lNKQ8I5CJzGiB-Oa0CpyEWNU2kMEUEYPhnRjApJSbXSKfIda4BotoZQ0ZVsqzdXW9AprV4LEM3RnEAfR9g32QnOtlBDmCNADsM8XP1VHQQ:1uWfdS:8Cm1pdIhdC2a3W8QFA4KV12ClYSoSLdZUf_IW-pG4V4	2025-07-15 18:23:14.133813+00
i3x0lobi49l5sopuczlrg49yal35mh56	.eJxVjMsOwiAQRX_FsFXJ8JgWunTvN5ChgK0PmhS6Mv67bdKFbu8597yZo6UObilxdmNgHRPs9Lt56h8xbyDcKd8m3k-5zqPnm8J3Wvh1CvF52d2_wEBl2N4poJSWRPAUW4kJA1ivYqPJJ0xJmwAJQFvTWzLKRiStm-Q1hRaNwDVaYinjlF2pNFdXx1dcuxIkngWchToI3aHqALloDGJ7BOgA2OcLPrlHPQ:1v8Jv7:ggN6jkKstyznzspvmFH1JAQDOBaIvL_C9BwsXLgYMBM	2025-10-27 14:53:05.258022+00
pv7l5nley6kqvrswisurelw33m4uo0b1	.eJxVjMsOwiAQRX_FsFXJQJkWunTvN5ChgMUHTQpdGf_dNulCt_ece97M0lJHu5Qw2-RZzwQ7_W6OhkfIG_B3yreJD1Ouc3J8U_hOC79OPjwvu_sXGKmM2zt6lNKQ8I5CJzGiB-Oa0CpyEWNU2kMEUEYPhnRjApJSbXSKfIda4BotoZQ0ZVsqzdXW9AprV4LEM-izkAehemx7lNyIToE-AvQA7PMFP7BHRQ:1uo1dM:Og0L-_16_rDjce1YWABucARkYy38U4h6IZ46b5NX8Sk	2025-09-01 15:18:52.430088+00
\.


--
-- Name: Activity List_program_id_seq; Type: SEQUENCE SET; Schema: public; Owner: postgres
--

SELECT pg_catalog.setval('public."Activity List_program_id_seq"', 14, true);


--
-- Name: Benefits_id_seq; Type: SEQUENCE SET; Schema: public; Owner: postgres
--

SELECT pg_catalog.setval('public."Benefits_id_seq"', 3, true);


--
-- Name: Budget Actions_ba_id_seq; Type: SEQUENCE SET; Schema: public; Owner: postgres
--

SELECT pg_catalog.setval('public."Budget Actions_ba_id_seq"', 1, false);


--
-- Name: Carryover_co_id_seq; Type: SEQUENCE SET; Schema: public; Owner: postgres
--

SELECT pg_catalog.setval('public."Carryover_co_id_seq"', 1, false);


--
-- Name: Departments_dept_id_seq; Type: SEQUENCE SET; Schema: public; Owner: postgres
--

SELECT pg_catalog.setval('public."Departments_dept_id_seq"', 1, false);


--
-- Name: Expense_id_seq; Type: SEQUENCE SET; Schema: public; Owner: postgres
--

SELECT pg_catalog.setval('public."Expense_id_seq"', 87, true);


--
-- Name: Grant Items_item_id_seq; Type: SEQUENCE SET; Schema: public; Owner: postgres
--

SELECT pg_catalog.setval('public."Grant Items_item_id_seq"', 1, false);


--
-- Name: Grant Lines_line_id_seq; Type: SEQUENCE SET; Schema: public; Owner: postgres
--

SELECT pg_catalog.setval('public."Grant Lines_line_id_seq"', 19, true);


--
-- Name: Grants_grant_id_seq; Type: SEQUENCE SET; Schema: public; Owner: postgres
--

SELECT pg_catalog.setval('public."Grants_grant_id_seq"', 4, true);


--
-- Name: Items_item_id_seq; Type: SEQUENCE SET; Schema: public; Owner: postgres
--

SELECT pg_catalog.setval('public."Items_item_id_seq"', 12, true);


--
-- Name: Payroll_id_seq; Type: SEQUENCE SET; Schema: public; Owner: postgres
--

SELECT pg_catalog.setval('public."Payroll_id_seq"', 105, true);


--
-- Name: Revenue_id_seq; Type: SEQUENCE SET; Schema: public; Owner: postgres
--

SELECT pg_catalog.setval('public."Revenue_id_seq"', 14, true);


--
-- Name: Testing_id_seq; Type: SEQUENCE SET; Schema: public; Owner: postgres
--

SELECT pg_catalog.setval('public."Testing_id_seq"', 16, true);


--
-- Name: Variables_id_seq; Type: SEQUENCE SET; Schema: public; Owner: postgres
--

SELECT pg_catalog.setval('public."Variables_id_seq"', 2, true);


--
-- Name: WCHDApp_accesscontrol_id_seq; Type: SEQUENCE SET; Schema: public; Owner: postgres
--

SELECT pg_catalog.setval('public."WCHDApp_accesscontrol_id_seq"', 1, false);


--
-- Name: WCHDApp_people_name_id_seq; Type: SEQUENCE SET; Schema: public; Owner: postgres
--

SELECT pg_catalog.setval('public."WCHDApp_people_name_id_seq"', 23, true);


--
-- Name: auth_group_id_seq; Type: SEQUENCE SET; Schema: public; Owner: postgres
--

SELECT pg_catalog.setval('public.auth_group_id_seq', 1, true);


--
-- Name: auth_group_permissions_id_seq; Type: SEQUENCE SET; Schema: public; Owner: postgres
--

SELECT pg_catalog.setval('public.auth_group_permissions_id_seq', 3, true);


--
-- Name: auth_permission_id_seq; Type: SEQUENCE SET; Schema: public; Owner: postgres
--

SELECT pg_catalog.setval('public.auth_permission_id_seq', 141, true);


--
-- Name: auth_user_groups_id_seq; Type: SEQUENCE SET; Schema: public; Owner: postgres
--

SELECT pg_catalog.setval('public.auth_user_groups_id_seq', 1, true);


--
-- Name: auth_user_id_seq; Type: SEQUENCE SET; Schema: public; Owner: postgres
--

SELECT pg_catalog.setval('public.auth_user_id_seq', 3, true);


--
-- Name: auth_user_user_permissions_id_seq; Type: SEQUENCE SET; Schema: public; Owner: postgres
--

SELECT pg_catalog.setval('public.auth_user_user_permissions_id_seq', 1, false);


--
-- Name: django_admin_log_id_seq; Type: SEQUENCE SET; Schema: public; Owner: postgres
--

SELECT pg_catalog.setval('public.django_admin_log_id_seq', 295, true);


--
-- Name: django_content_type_id_seq; Type: SEQUENCE SET; Schema: public; Owner: postgres
--

SELECT pg_catalog.setval('public.django_content_type_id_seq', 34, true);


--
-- Name: django_migrations_id_seq; Type: SEQUENCE SET; Schema: public; Owner: postgres
--

SELECT pg_catalog.setval('public.django_migrations_id_seq', 158, true);


--
-- Name: Activity List Activity List_pkey; Type: CONSTRAINT; Schema: public; Owner: postgres
--

ALTER TABLE ONLY public."Activity List"
    ADD CONSTRAINT "Activity List_pkey" PRIMARY KEY ("ActivityList_id");


--
-- Name: Benefits Benefits_pkey; Type: CONSTRAINT; Schema: public; Owner: postgres
--

ALTER TABLE ONLY public."Benefits"
    ADD CONSTRAINT "Benefits_pkey" PRIMARY KEY (id);


--
-- Name: Budget Actions Budget Actions_pkey; Type: CONSTRAINT; Schema: public; Owner: postgres
--

ALTER TABLE ONLY public."Budget Actions"
    ADD CONSTRAINT "Budget Actions_pkey" PRIMARY KEY (ba_id);


--
-- Name: Carryover Carryover_pkey; Type: CONSTRAINT; Schema: public; Owner: postgres
--

ALTER TABLE ONLY public."Carryover"
    ADD CONSTRAINT "Carryover_pkey" PRIMARY KEY (co_id);


--
-- Name: Departments Departments_pkey; Type: CONSTRAINT; Schema: public; Owner: postgres
--

ALTER TABLE ONLY public."Departments"
    ADD CONSTRAINT "Departments_pkey" PRIMARY KEY (dept_id);


--
-- Name: Employees Employees_pkey; Type: CONSTRAINT; Schema: public; Owner: postgres
--

ALTER TABLE ONLY public."Employees"
    ADD CONSTRAINT "Employees_pkey" PRIMARY KEY (employee_id);


--
-- Name: Expense Expense_pkey; Type: CONSTRAINT; Schema: public; Owner: postgres
--

ALTER TABLE ONLY public."Expense"
    ADD CONSTRAINT "Expense_pkey" PRIMARY KEY (id);


--
-- Name: Grant Items Grant Items_pkey; Type: CONSTRAINT; Schema: public; Owner: postgres
--

ALTER TABLE ONLY public."Grant Items"
    ADD CONSTRAINT "Grant Items_pkey" PRIMARY KEY (item_id);


--
-- Name: Grant Lines Grant Lines_pkey; Type: CONSTRAINT; Schema: public; Owner: postgres
--

ALTER TABLE ONLY public."Grant Lines"
    ADD CONSTRAINT "Grant Lines_pkey" PRIMARY KEY (grantline_id);


--
-- Name: Grants Grants_pkey; Type: CONSTRAINT; Schema: public; Owner: postgres
--

ALTER TABLE ONLY public."Grants"
    ADD CONSTRAINT "Grants_pkey" PRIMARY KEY (grant_id);


--
-- Name: Items Items_pkey; Type: CONSTRAINT; Schema: public; Owner: postgres
--

ALTER TABLE ONLY public."Items"
    ADD CONSTRAINT "Items_pkey" PRIMARY KEY (item_id);


--
-- Name: Lines Lines_pkey; Type: CONSTRAINT; Schema: public; Owner: postgres
--

ALTER TABLE ONLY public."Lines"
    ADD CONSTRAINT "Lines_pkey" PRIMARY KEY (line_id);


--
-- Name: PayPeriod PayPeriod_periodID_874b6935_pk; Type: CONSTRAINT; Schema: public; Owner: postgres
--

ALTER TABLE ONLY public."PayPeriod"
    ADD CONSTRAINT "PayPeriod_periodID_874b6935_pk" PRIMARY KEY (payperiod_id);


--
-- Name: Payroll Payroll_pkey; Type: CONSTRAINT; Schema: public; Owner: postgres
--

ALTER TABLE ONLY public."Payroll"
    ADD CONSTRAINT "Payroll_pkey" PRIMARY KEY (id);


--
-- Name: Revenue Revenue_pkey; Type: CONSTRAINT; Schema: public; Owner: postgres
--

ALTER TABLE ONLY public."Revenue"
    ADD CONSTRAINT "Revenue_pkey" PRIMARY KEY (id);


--
-- Name: Testing Testing_pkey; Type: CONSTRAINT; Schema: public; Owner: postgres
--

ALTER TABLE ONLY public."Testing"
    ADD CONSTRAINT "Testing_pkey" PRIMARY KEY (id);


--
-- Name: Variables Variables_pkey; Type: CONSTRAINT; Schema: public; Owner: postgres
--

ALTER TABLE ONLY public."Variables"
    ADD CONSTRAINT "Variables_pkey" PRIMARY KEY (id);


--
-- Name: WCHDApp_accesscontrol WCHDApp_accesscontrol_pkey; Type: CONSTRAINT; Schema: public; Owner: postgres
--

ALTER TABLE ONLY public."WCHDApp_accesscontrol"
    ADD CONSTRAINT "WCHDApp_accesscontrol_pkey" PRIMARY KEY (id);


--
-- Name: Funds WCHDApp_fund_pkey; Type: CONSTRAINT; Schema: public; Owner: postgres
--

ALTER TABLE ONLY public."Funds"
    ADD CONSTRAINT "WCHDApp_fund_pkey" PRIMARY KEY (fund_id);


--
-- Name: Peoples WCHDApp_people_pkey; Type: CONSTRAINT; Schema: public; Owner: postgres
--

ALTER TABLE ONLY public."Peoples"
    ADD CONSTRAINT "WCHDApp_people_pkey" PRIMARY KEY (people_id);


--
-- Name: auth_group auth_group_name_key; Type: CONSTRAINT; Schema: public; Owner: postgres
--

ALTER TABLE ONLY public.auth_group
    ADD CONSTRAINT auth_group_name_key UNIQUE (name);


--
-- Name: auth_group_permissions auth_group_permissions_group_id_permission_id_0cd325b0_uniq; Type: CONSTRAINT; Schema: public; Owner: postgres
--

ALTER TABLE ONLY public.auth_group_permissions
    ADD CONSTRAINT auth_group_permissions_group_id_permission_id_0cd325b0_uniq UNIQUE (group_id, permission_id);


--
-- Name: auth_group_permissions auth_group_permissions_pkey; Type: CONSTRAINT; Schema: public; Owner: postgres
--

ALTER TABLE ONLY public.auth_group_permissions
    ADD CONSTRAINT auth_group_permissions_pkey PRIMARY KEY (id);


--
-- Name: auth_group auth_group_pkey; Type: CONSTRAINT; Schema: public; Owner: postgres
--

ALTER TABLE ONLY public.auth_group
    ADD CONSTRAINT auth_group_pkey PRIMARY KEY (id);


--
-- Name: auth_permission auth_permission_content_type_id_codename_01ab375a_uniq; Type: CONSTRAINT; Schema: public; Owner: postgres
--

ALTER TABLE ONLY public.auth_permission
    ADD CONSTRAINT auth_permission_content_type_id_codename_01ab375a_uniq UNIQUE (content_type_id, codename);


--
-- Name: auth_permission auth_permission_pkey; Type: CONSTRAINT; Schema: public; Owner: postgres
--

ALTER TABLE ONLY public.auth_permission
    ADD CONSTRAINT auth_permission_pkey PRIMARY KEY (id);


--
-- Name: auth_user_groups auth_user_groups_pkey; Type: CONSTRAINT; Schema: public; Owner: postgres
--

ALTER TABLE ONLY public.auth_user_groups
    ADD CONSTRAINT auth_user_groups_pkey PRIMARY KEY (id);


--
-- Name: auth_user_groups auth_user_groups_user_id_group_id_94350c0c_uniq; Type: CONSTRAINT; Schema: public; Owner: postgres
--

ALTER TABLE ONLY public.auth_user_groups
    ADD CONSTRAINT auth_user_groups_user_id_group_id_94350c0c_uniq UNIQUE (user_id, group_id);


--
-- Name: auth_user auth_user_pkey; Type: CONSTRAINT; Schema: public; Owner: postgres
--

ALTER TABLE ONLY public.auth_user
    ADD CONSTRAINT auth_user_pkey PRIMARY KEY (id);


--
-- Name: auth_user_user_permissions auth_user_user_permissions_pkey; Type: CONSTRAINT; Schema: public; Owner: postgres
--

ALTER TABLE ONLY public.auth_user_user_permissions
    ADD CONSTRAINT auth_user_user_permissions_pkey PRIMARY KEY (id);


--
-- Name: auth_user_user_permissions auth_user_user_permissions_user_id_permission_id_14a6b632_uniq; Type: CONSTRAINT; Schema: public; Owner: postgres
--

ALTER TABLE ONLY public.auth_user_user_permissions
    ADD CONSTRAINT auth_user_user_permissions_user_id_permission_id_14a6b632_uniq UNIQUE (user_id, permission_id);


--
-- Name: auth_user auth_user_username_key; Type: CONSTRAINT; Schema: public; Owner: postgres
--

ALTER TABLE ONLY public.auth_user
    ADD CONSTRAINT auth_user_username_key UNIQUE (username);


--
-- Name: django_admin_log django_admin_log_pkey; Type: CONSTRAINT; Schema: public; Owner: postgres
--

ALTER TABLE ONLY public.django_admin_log
    ADD CONSTRAINT django_admin_log_pkey PRIMARY KEY (id);


--
-- Name: django_content_type django_content_type_app_label_model_76bd3d3b_uniq; Type: CONSTRAINT; Schema: public; Owner: postgres
--

ALTER TABLE ONLY public.django_content_type
    ADD CONSTRAINT django_content_type_app_label_model_76bd3d3b_uniq UNIQUE (app_label, model);


--
-- Name: django_content_type django_content_type_pkey; Type: CONSTRAINT; Schema: public; Owner: postgres
--

ALTER TABLE ONLY public.django_content_type
    ADD CONSTRAINT django_content_type_pkey PRIMARY KEY (id);


--
-- Name: django_migrations django_migrations_pkey; Type: CONSTRAINT; Schema: public; Owner: postgres
--

ALTER TABLE ONLY public.django_migrations
    ADD CONSTRAINT django_migrations_pkey PRIMARY KEY (id);


--
-- Name: django_session django_session_pkey; Type: CONSTRAINT; Schema: public; Owner: postgres
--

ALTER TABLE ONLY public.django_session
    ADD CONSTRAINT django_session_pkey PRIMARY KEY (session_key);


--
-- Name: Activity List_dept_id_e08f4ebc; Type: INDEX; Schema: public; Owner: postgres
--

CREATE INDEX "Activity List_dept_id_e08f4ebc" ON public."Activity List" USING btree (dept_id);


--
-- Name: Activity List_fund_id_44c704f4; Type: INDEX; Schema: public; Owner: postgres
--

CREATE INDEX "Activity List_fund_id_44c704f4" ON public."Activity List" USING btree (fund_id);


--
-- Name: Activity List_item_id_07e06a35; Type: INDEX; Schema: public; Owner: postgres
--

CREATE INDEX "Activity List_item_id_07e06a35" ON public."Activity List" USING btree (item_id);


--
-- Name: Benefits_emp_id_id_b7c01f4e; Type: INDEX; Schema: public; Owner: postgres
--

CREATE INDEX "Benefits_emp_id_id_b7c01f4e" ON public."Benefits" USING btree (employee_id);


--
-- Name: Carryover_dept_id_77cd7d25; Type: INDEX; Schema: public; Owner: postgres
--

CREATE INDEX "Carryover_dept_id_77cd7d25" ON public."Carryover" USING btree (dept_id);


--
-- Name: Carryover_fund_id_05bbe9b2; Type: INDEX; Schema: public; Owner: postgres
--

CREATE INDEX "Carryover_fund_id_05bbe9b2" ON public."Carryover" USING btree (fund_id);


--
-- Name: Employees_adminPayFund_id_a67d2f77; Type: INDEX; Schema: public; Owner: postgres
--

CREATE INDEX "Employees_adminPayFund_id_a67d2f77" ON public."Employees" USING btree ("adminPayFund_id");


--
-- Name: Employees_dept_id_51fdacaa; Type: INDEX; Schema: public; Owner: postgres
--

CREATE INDEX "Employees_dept_id_51fdacaa" ON public."Employees" USING btree (dept_id);


--
-- Name: Employees_payItem_id_7b4285f4; Type: INDEX; Schema: public; Owner: postgres
--

CREATE INDEX "Employees_payItem_id_7b4285f4" ON public."Employees" USING btree ("payItem_id");


--
-- Name: Employees_specialFund_id_b05704aa; Type: INDEX; Schema: public; Owner: postgres
--

CREATE INDEX "Employees_specialFund_id_b05704aa" ON public."Employees" USING btree ("specialFund_id");


--
-- Name: Employees_specialPayItem_id_57e45eea; Type: INDEX; Schema: public; Owner: postgres
--

CREATE INDEX "Employees_specialPayItem_id_57e45eea" ON public."Employees" USING btree ("specialPayItem_id");


--
-- Name: Employees_user_id_45362f7f; Type: INDEX; Schema: public; Owner: postgres
--

CREATE INDEX "Employees_user_id_45362f7f" ON public."Employees" USING btree (user_id);


--
-- Name: Expense_ActivityList_id_7d69c209; Type: INDEX; Schema: public; Owner: postgres
--

CREATE INDEX "Expense_ActivityList_id_7d69c209" ON public."Expense" USING btree ("ActivityList_id");


--
-- Name: Expense_employee_id_2a6142b6; Type: INDEX; Schema: public; Owner: postgres
--

CREATE INDEX "Expense_employee_id_2a6142b6" ON public."Expense" USING btree (employee_id);


--
-- Name: Expense_grantLine_id_e77b8f94; Type: INDEX; Schema: public; Owner: postgres
--

CREATE INDEX "Expense_grantLine_id_e77b8f94" ON public."Expense" USING btree ("grantLine_id");


--
-- Name: Expense_item_id_d5bc9828; Type: INDEX; Schema: public; Owner: postgres
--

CREATE INDEX "Expense_item_id_d5bc9828" ON public."Expense" USING btree (item_id);


--
-- Name: Expense_line_id_33001f95; Type: INDEX; Schema: public; Owner: postgres
--

CREATE INDEX "Expense_line_id_33001f95" ON public."Expense" USING btree (line_id);


--
-- Name: Expense_people_id_5039c999; Type: INDEX; Schema: public; Owner: postgres
--

CREATE INDEX "Expense_people_id_5039c999" ON public."Expense" USING btree (people_id);


--
-- Name: Funds_dept_id_80f094b7; Type: INDEX; Schema: public; Owner: postgres
--

CREATE INDEX "Funds_dept_id_80f094b7" ON public."Funds" USING btree (dept_id);


--
-- Name: Grant Items_line_id_3c222d52; Type: INDEX; Schema: public; Owner: postgres
--

CREATE INDEX "Grant Items_line_id_3c222d52" ON public."Grant Items" USING btree (line_id);


--
-- Name: Grant Lines_grant_id_3f00eec0; Type: INDEX; Schema: public; Owner: postgres
--

CREATE INDEX "Grant Lines_grant_id_3f00eec0" ON public."Grant Lines" USING btree (grant_id);


--
-- Name: Grants_fund_id_3f147aef; Type: INDEX; Schema: public; Owner: postgres
--

CREATE INDEX "Grants_fund_id_3f147aef" ON public."Grants" USING btree (fund_id);


--
-- Name: Items_fund_id_3d610a6a; Type: INDEX; Schema: public; Owner: postgres
--

CREATE INDEX "Items_fund_id_3d610a6a" ON public."Items" USING btree (fund_id);


--
-- Name: Items_line_id_25fa50eb; Type: INDEX; Schema: public; Owner: postgres
--

CREATE INDEX "Items_line_id_25fa50eb" ON public."Items" USING btree (line_id);


--
-- Name: Lines_dept_id_a3e23af0; Type: INDEX; Schema: public; Owner: postgres
--

CREATE INDEX "Lines_dept_id_a3e23af0" ON public."Lines" USING btree (dept_id);


--
-- Name: Lines_fund_id_a3148570; Type: INDEX; Schema: public; Owner: postgres
--

CREATE INDEX "Lines_fund_id_a3148570" ON public."Lines" USING btree (fund_id);


--
-- Name: PayPeriod_periodID_874b6935_like; Type: INDEX; Schema: public; Owner: postgres
--

CREATE INDEX "PayPeriod_periodID_874b6935_like" ON public."PayPeriod" USING btree (payperiod_id varchar_pattern_ops);


--
-- Name: Payroll_activityList_id_33ef0602; Type: INDEX; Schema: public; Owner: postgres
--

CREATE INDEX "Payroll_activityList_id_33ef0602" ON public."Payroll" USING btree ("ActivityList_id");


--
-- Name: Payroll_employee_id_1f50eb51; Type: INDEX; Schema: public; Owner: postgres
--

CREATE INDEX "Payroll_employee_id_1f50eb51" ON public."Payroll" USING btree (employee_id);


--
-- Name: Payroll_payperiod_id_5a759f58; Type: INDEX; Schema: public; Owner: postgres
--

CREATE INDEX "Payroll_payperiod_id_5a759f58" ON public."Payroll" USING btree (payperiod_id);


--
-- Name: Payroll_payperiod_id_5a759f58_like; Type: INDEX; Schema: public; Owner: postgres
--

CREATE INDEX "Payroll_payperiod_id_5a759f58_like" ON public."Payroll" USING btree (payperiod_id varchar_pattern_ops);


--
-- Name: Revenue_ActivityList_id_2cf6ec52; Type: INDEX; Schema: public; Owner: postgres
--

CREATE INDEX "Revenue_ActivityList_id_2cf6ec52" ON public."Revenue" USING btree ("ActivityList_id");


--
-- Name: Revenue_employee_id_324ff7d2; Type: INDEX; Schema: public; Owner: postgres
--

CREATE INDEX "Revenue_employee_id_324ff7d2" ON public."Revenue" USING btree (employee_id);


--
-- Name: Revenue_grantLine_id_86a12f61; Type: INDEX; Schema: public; Owner: postgres
--

CREATE INDEX "Revenue_grantLine_id_86a12f61" ON public."Revenue" USING btree ("grantLine_id");


--
-- Name: Revenue_item_id_f20819bc; Type: INDEX; Schema: public; Owner: postgres
--

CREATE INDEX "Revenue_item_id_f20819bc" ON public."Revenue" USING btree (item_id);


--
-- Name: Revenue_line_id_c0e93a07; Type: INDEX; Schema: public; Owner: postgres
--

CREATE INDEX "Revenue_line_id_c0e93a07" ON public."Revenue" USING btree (line_id);


--
-- Name: Revenue_people_id_e7e92f6e; Type: INDEX; Schema: public; Owner: postgres
--

CREATE INDEX "Revenue_people_id_e7e92f6e" ON public."Revenue" USING btree (people_id);


--
-- Name: Testing_fund_id_5bb68186; Type: INDEX; Schema: public; Owner: postgres
--

CREATE INDEX "Testing_fund_id_5bb68186" ON public."Testing" USING btree (fund_id);


--
-- Name: auth_group_name_a6ea08ec_like; Type: INDEX; Schema: public; Owner: postgres
--

CREATE INDEX auth_group_name_a6ea08ec_like ON public.auth_group USING btree (name varchar_pattern_ops);


--
-- Name: auth_group_permissions_group_id_b120cbf9; Type: INDEX; Schema: public; Owner: postgres
--

CREATE INDEX auth_group_permissions_group_id_b120cbf9 ON public.auth_group_permissions USING btree (group_id);


--
-- Name: auth_group_permissions_permission_id_84c5c92e; Type: INDEX; Schema: public; Owner: postgres
--

CREATE INDEX auth_group_permissions_permission_id_84c5c92e ON public.auth_group_permissions USING btree (permission_id);


--
-- Name: auth_permission_content_type_id_2f476e4b; Type: INDEX; Schema: public; Owner: postgres
--

CREATE INDEX auth_permission_content_type_id_2f476e4b ON public.auth_permission USING btree (content_type_id);


--
-- Name: auth_user_groups_group_id_97559544; Type: INDEX; Schema: public; Owner: postgres
--

CREATE INDEX auth_user_groups_group_id_97559544 ON public.auth_user_groups USING btree (group_id);


--
-- Name: auth_user_groups_user_id_6a12ed8b; Type: INDEX; Schema: public; Owner: postgres
--

CREATE INDEX auth_user_groups_user_id_6a12ed8b ON public.auth_user_groups USING btree (user_id);


--
-- Name: auth_user_user_permissions_permission_id_1fbb5f2c; Type: INDEX; Schema: public; Owner: postgres
--

CREATE INDEX auth_user_user_permissions_permission_id_1fbb5f2c ON public.auth_user_user_permissions USING btree (permission_id);


--
-- Name: auth_user_user_permissions_user_id_a95ead1b; Type: INDEX; Schema: public; Owner: postgres
--

CREATE INDEX auth_user_user_permissions_user_id_a95ead1b ON public.auth_user_user_permissions USING btree (user_id);


--
-- Name: auth_user_username_6821ab7c_like; Type: INDEX; Schema: public; Owner: postgres
--

CREATE INDEX auth_user_username_6821ab7c_like ON public.auth_user USING btree (username varchar_pattern_ops);


--
-- Name: django_admin_log_content_type_id_c4bce8eb; Type: INDEX; Schema: public; Owner: postgres
--

CREATE INDEX django_admin_log_content_type_id_c4bce8eb ON public.django_admin_log USING btree (content_type_id);


--
-- Name: django_admin_log_user_id_c564eba6; Type: INDEX; Schema: public; Owner: postgres
--

CREATE INDEX django_admin_log_user_id_c564eba6 ON public.django_admin_log USING btree (user_id);


--
-- Name: django_session_expire_date_a5c62663; Type: INDEX; Schema: public; Owner: postgres
--

CREATE INDEX django_session_expire_date_a5c62663 ON public.django_session USING btree (expire_date);


--
-- Name: django_session_session_key_c0390e0f_like; Type: INDEX; Schema: public; Owner: postgres
--

CREATE INDEX django_session_session_key_c0390e0f_like ON public.django_session USING btree (session_key varchar_pattern_ops);


--
-- Name: Activity List Activity List_dept_id_e08f4ebc_fk; Type: FK CONSTRAINT; Schema: public; Owner: postgres
--

ALTER TABLE ONLY public."Activity List"
    ADD CONSTRAINT "Activity List_dept_id_e08f4ebc_fk" FOREIGN KEY (dept_id) REFERENCES public."Departments"(dept_id) DEFERRABLE INITIALLY DEFERRED;


--
-- Name: Activity List Activity List_fund_id_44c704f4_fk; Type: FK CONSTRAINT; Schema: public; Owner: postgres
--

ALTER TABLE ONLY public."Activity List"
    ADD CONSTRAINT "Activity List_fund_id_44c704f4_fk" FOREIGN KEY (fund_id) REFERENCES public."Funds"(fund_id) DEFERRABLE INITIALLY DEFERRED;


--
-- Name: Activity List Activity List_item_id_07e06a35_fk_Items_item_id; Type: FK CONSTRAINT; Schema: public; Owner: postgres
--

ALTER TABLE ONLY public."Activity List"
    ADD CONSTRAINT "Activity List_item_id_07e06a35_fk_Items_item_id" FOREIGN KEY (item_id) REFERENCES public."Items"(item_id) DEFERRABLE INITIALLY DEFERRED;


--
-- Name: Benefits Benefits_employee_id_626117d6_fk_Employees_emp_id; Type: FK CONSTRAINT; Schema: public; Owner: postgres
--

ALTER TABLE ONLY public."Benefits"
    ADD CONSTRAINT "Benefits_employee_id_626117d6_fk_Employees_emp_id" FOREIGN KEY (employee_id) REFERENCES public."Employees"(employee_id) DEFERRABLE INITIALLY DEFERRED;


--
-- Name: Carryover Carryover_dept_id_77cd7d25_fk; Type: FK CONSTRAINT; Schema: public; Owner: postgres
--

ALTER TABLE ONLY public."Carryover"
    ADD CONSTRAINT "Carryover_dept_id_77cd7d25_fk" FOREIGN KEY (dept_id) REFERENCES public."Departments"(dept_id) DEFERRABLE INITIALLY DEFERRED;


--
-- Name: Carryover Carryover_fund_id_05bbe9b2_fk; Type: FK CONSTRAINT; Schema: public; Owner: postgres
--

ALTER TABLE ONLY public."Carryover"
    ADD CONSTRAINT "Carryover_fund_id_05bbe9b2_fk" FOREIGN KEY (fund_id) REFERENCES public."Funds"(fund_id) DEFERRABLE INITIALLY DEFERRED;


--
-- Name: Employees Employees_adminPayFund_id_a67d2f77_fk; Type: FK CONSTRAINT; Schema: public; Owner: postgres
--

ALTER TABLE ONLY public."Employees"
    ADD CONSTRAINT "Employees_adminPayFund_id_a67d2f77_fk" FOREIGN KEY ("adminPayFund_id") REFERENCES public."Funds"(fund_id) DEFERRABLE INITIALLY DEFERRED;


--
-- Name: Employees Employees_dept_id_51fdacaa_fk; Type: FK CONSTRAINT; Schema: public; Owner: postgres
--

ALTER TABLE ONLY public."Employees"
    ADD CONSTRAINT "Employees_dept_id_51fdacaa_fk" FOREIGN KEY (dept_id) REFERENCES public."Departments"(dept_id) DEFERRABLE INITIALLY DEFERRED;


--
-- Name: Employees Employees_payItem_id_7b4285f4_fk_Items_item_id; Type: FK CONSTRAINT; Schema: public; Owner: postgres
--

ALTER TABLE ONLY public."Employees"
    ADD CONSTRAINT "Employees_payItem_id_7b4285f4_fk_Items_item_id" FOREIGN KEY ("payItem_id") REFERENCES public."Items"(item_id) DEFERRABLE INITIALLY DEFERRED;


--
-- Name: Employees Employees_specialFund_id_b05704aa_fk; Type: FK CONSTRAINT; Schema: public; Owner: postgres
--

ALTER TABLE ONLY public."Employees"
    ADD CONSTRAINT "Employees_specialFund_id_b05704aa_fk" FOREIGN KEY ("specialFund_id") REFERENCES public."Funds"(fund_id) DEFERRABLE INITIALLY DEFERRED;


--
-- Name: Employees Employees_specialPayItem_id_57e45eea_fk_Items_item_id; Type: FK CONSTRAINT; Schema: public; Owner: postgres
--

ALTER TABLE ONLY public."Employees"
    ADD CONSTRAINT "Employees_specialPayItem_id_57e45eea_fk_Items_item_id" FOREIGN KEY ("specialPayItem_id") REFERENCES public."Items"(item_id) DEFERRABLE INITIALLY DEFERRED;


--
-- Name: Employees Employees_user_id_45362f7f_fk_auth_user_id; Type: FK CONSTRAINT; Schema: public; Owner: postgres
--

ALTER TABLE ONLY public."Employees"
    ADD CONSTRAINT "Employees_user_id_45362f7f_fk_auth_user_id" FOREIGN KEY (user_id) REFERENCES public.auth_user(id) DEFERRABLE INITIALLY DEFERRED;


--
-- Name: Expense Expense_ActivityList_id_7d69c209_fk_Activity ; Type: FK CONSTRAINT; Schema: public; Owner: postgres
--

ALTER TABLE ONLY public."Expense"
    ADD CONSTRAINT "Expense_ActivityList_id_7d69c209_fk_Activity " FOREIGN KEY ("ActivityList_id") REFERENCES public."Activity List"("ActivityList_id") DEFERRABLE INITIALLY DEFERRED;


--
-- Name: Expense Expense_employee_id_2a6142b6_fk_Employees_employee_id; Type: FK CONSTRAINT; Schema: public; Owner: postgres
--

ALTER TABLE ONLY public."Expense"
    ADD CONSTRAINT "Expense_employee_id_2a6142b6_fk_Employees_employee_id" FOREIGN KEY (employee_id) REFERENCES public."Employees"(employee_id) DEFERRABLE INITIALLY DEFERRED;


--
-- Name: Expense Expense_grantLine_id_e77b8f94_fk_Grant Lines_grantline_id; Type: FK CONSTRAINT; Schema: public; Owner: postgres
--

ALTER TABLE ONLY public."Expense"
    ADD CONSTRAINT "Expense_grantLine_id_e77b8f94_fk_Grant Lines_grantline_id" FOREIGN KEY ("grantLine_id") REFERENCES public."Grant Lines"(grantline_id) DEFERRABLE INITIALLY DEFERRED;


--
-- Name: Expense Expense_item_id_d5bc9828_fk_Items_item_id; Type: FK CONSTRAINT; Schema: public; Owner: postgres
--

ALTER TABLE ONLY public."Expense"
    ADD CONSTRAINT "Expense_item_id_d5bc9828_fk_Items_item_id" FOREIGN KEY (item_id) REFERENCES public."Items"(item_id) DEFERRABLE INITIALLY DEFERRED;


--
-- Name: Expense Expense_line_id_33001f95_fk; Type: FK CONSTRAINT; Schema: public; Owner: postgres
--

ALTER TABLE ONLY public."Expense"
    ADD CONSTRAINT "Expense_line_id_33001f95_fk" FOREIGN KEY (line_id) REFERENCES public."Lines"(line_id) DEFERRABLE INITIALLY DEFERRED;


--
-- Name: Expense Expense_people_id_5039c999_fk_Peoples_people_id; Type: FK CONSTRAINT; Schema: public; Owner: postgres
--

ALTER TABLE ONLY public."Expense"
    ADD CONSTRAINT "Expense_people_id_5039c999_fk_Peoples_people_id" FOREIGN KEY (people_id) REFERENCES public."Peoples"(people_id) DEFERRABLE INITIALLY DEFERRED;


--
-- Name: Funds Funds_dept_id_80f094b7_fk; Type: FK CONSTRAINT; Schema: public; Owner: postgres
--

ALTER TABLE ONLY public."Funds"
    ADD CONSTRAINT "Funds_dept_id_80f094b7_fk" FOREIGN KEY (dept_id) REFERENCES public."Departments"(dept_id) DEFERRABLE INITIALLY DEFERRED;


--
-- Name: Grant Items Grant Items_line_id_3c222d52_fk; Type: FK CONSTRAINT; Schema: public; Owner: postgres
--

ALTER TABLE ONLY public."Grant Items"
    ADD CONSTRAINT "Grant Items_line_id_3c222d52_fk" FOREIGN KEY (line_id) REFERENCES public."Lines"(line_id) DEFERRABLE INITIALLY DEFERRED;


--
-- Name: Grant Lines Grant Lines_grant_id_3f00eec0_fk_Grants_grant_id; Type: FK CONSTRAINT; Schema: public; Owner: postgres
--

ALTER TABLE ONLY public."Grant Lines"
    ADD CONSTRAINT "Grant Lines_grant_id_3f00eec0_fk_Grants_grant_id" FOREIGN KEY (grant_id) REFERENCES public."Grants"(grant_id) DEFERRABLE INITIALLY DEFERRED;


--
-- Name: Grants Grants_fund_id_3f147aef_fk; Type: FK CONSTRAINT; Schema: public; Owner: postgres
--

ALTER TABLE ONLY public."Grants"
    ADD CONSTRAINT "Grants_fund_id_3f147aef_fk" FOREIGN KEY (fund_id) REFERENCES public."Funds"(fund_id) DEFERRABLE INITIALLY DEFERRED;


--
-- Name: Items Items_fund_id_3d610a6a_fk; Type: FK CONSTRAINT; Schema: public; Owner: postgres
--

ALTER TABLE ONLY public."Items"
    ADD CONSTRAINT "Items_fund_id_3d610a6a_fk" FOREIGN KEY (fund_id) REFERENCES public."Funds"(fund_id) DEFERRABLE INITIALLY DEFERRED;


--
-- Name: Items Items_line_id_25fa50eb_fk; Type: FK CONSTRAINT; Schema: public; Owner: postgres
--

ALTER TABLE ONLY public."Items"
    ADD CONSTRAINT "Items_line_id_25fa50eb_fk" FOREIGN KEY (line_id) REFERENCES public."Lines"(line_id) DEFERRABLE INITIALLY DEFERRED;


--
-- Name: Lines Lines_dept_id_a3e23af0_fk; Type: FK CONSTRAINT; Schema: public; Owner: postgres
--

ALTER TABLE ONLY public."Lines"
    ADD CONSTRAINT "Lines_dept_id_a3e23af0_fk" FOREIGN KEY (dept_id) REFERENCES public."Departments"(dept_id) DEFERRABLE INITIALLY DEFERRED;


--
-- Name: Lines Lines_fund_id_a3148570_fk; Type: FK CONSTRAINT; Schema: public; Owner: postgres
--

ALTER TABLE ONLY public."Lines"
    ADD CONSTRAINT "Lines_fund_id_a3148570_fk" FOREIGN KEY (fund_id) REFERENCES public."Funds"(fund_id) DEFERRABLE INITIALLY DEFERRED;


--
-- Name: Payroll Payroll_ActivityList_id_d7d60375_fk_Activity ; Type: FK CONSTRAINT; Schema: public; Owner: postgres
--

ALTER TABLE ONLY public."Payroll"
    ADD CONSTRAINT "Payroll_ActivityList_id_d7d60375_fk_Activity " FOREIGN KEY ("ActivityList_id") REFERENCES public."Activity List"("ActivityList_id") DEFERRABLE INITIALLY DEFERRED;


--
-- Name: Payroll Payroll_employee_id_1f50eb51_fk_Employees_emp_id; Type: FK CONSTRAINT; Schema: public; Owner: postgres
--

ALTER TABLE ONLY public."Payroll"
    ADD CONSTRAINT "Payroll_employee_id_1f50eb51_fk_Employees_emp_id" FOREIGN KEY (employee_id) REFERENCES public."Employees"(employee_id) DEFERRABLE INITIALLY DEFERRED;


--
-- Name: Payroll Payroll_payperiod_id_5a759f58_fk_PayPeriod_periodID; Type: FK CONSTRAINT; Schema: public; Owner: postgres
--

ALTER TABLE ONLY public."Payroll"
    ADD CONSTRAINT "Payroll_payperiod_id_5a759f58_fk_PayPeriod_periodID" FOREIGN KEY (payperiod_id) REFERENCES public."PayPeriod"(payperiod_id) DEFERRABLE INITIALLY DEFERRED;


--
-- Name: Revenue Revenue_ActivityList_id_2cf6ec52_fk_Activity ; Type: FK CONSTRAINT; Schema: public; Owner: postgres
--

ALTER TABLE ONLY public."Revenue"
    ADD CONSTRAINT "Revenue_ActivityList_id_2cf6ec52_fk_Activity " FOREIGN KEY ("ActivityList_id") REFERENCES public."Activity List"("ActivityList_id") DEFERRABLE INITIALLY DEFERRED;


--
-- Name: Revenue Revenue_employee_id_324ff7d2_fk_Employees_employee_id; Type: FK CONSTRAINT; Schema: public; Owner: postgres
--

ALTER TABLE ONLY public."Revenue"
    ADD CONSTRAINT "Revenue_employee_id_324ff7d2_fk_Employees_employee_id" FOREIGN KEY (employee_id) REFERENCES public."Employees"(employee_id) DEFERRABLE INITIALLY DEFERRED;


--
-- Name: Revenue Revenue_grantLine_id_86a12f61_fk_Grant Lines_grantline_id; Type: FK CONSTRAINT; Schema: public; Owner: postgres
--

ALTER TABLE ONLY public."Revenue"
    ADD CONSTRAINT "Revenue_grantLine_id_86a12f61_fk_Grant Lines_grantline_id" FOREIGN KEY ("grantLine_id") REFERENCES public."Grant Lines"(grantline_id) DEFERRABLE INITIALLY DEFERRED;


--
-- Name: Revenue Revenue_item_id_f20819bc_fk_Items_item_id; Type: FK CONSTRAINT; Schema: public; Owner: postgres
--

ALTER TABLE ONLY public."Revenue"
    ADD CONSTRAINT "Revenue_item_id_f20819bc_fk_Items_item_id" FOREIGN KEY (item_id) REFERENCES public."Items"(item_id) DEFERRABLE INITIALLY DEFERRED;


--
-- Name: Revenue Revenue_line_id_c0e93a07_fk; Type: FK CONSTRAINT; Schema: public; Owner: postgres
--

ALTER TABLE ONLY public."Revenue"
    ADD CONSTRAINT "Revenue_line_id_c0e93a07_fk" FOREIGN KEY (line_id) REFERENCES public."Lines"(line_id) DEFERRABLE INITIALLY DEFERRED;


--
-- Name: Revenue Revenue_people_id_e7e92f6e_fk_Peoples_people_id; Type: FK CONSTRAINT; Schema: public; Owner: postgres
--

ALTER TABLE ONLY public."Revenue"
    ADD CONSTRAINT "Revenue_people_id_e7e92f6e_fk_Peoples_people_id" FOREIGN KEY (people_id) REFERENCES public."Peoples"(people_id) DEFERRABLE INITIALLY DEFERRED;


--
-- Name: Testing Testing_fund_id_5bb68186_fk; Type: FK CONSTRAINT; Schema: public; Owner: postgres
--

ALTER TABLE ONLY public."Testing"
    ADD CONSTRAINT "Testing_fund_id_5bb68186_fk" FOREIGN KEY (fund_id) REFERENCES public."Funds"(fund_id) DEFERRABLE INITIALLY DEFERRED;


--
-- Name: auth_group_permissions auth_group_permissio_permission_id_84c5c92e_fk_auth_perm; Type: FK CONSTRAINT; Schema: public; Owner: postgres
--

ALTER TABLE ONLY public.auth_group_permissions
    ADD CONSTRAINT auth_group_permissio_permission_id_84c5c92e_fk_auth_perm FOREIGN KEY (permission_id) REFERENCES public.auth_permission(id) DEFERRABLE INITIALLY DEFERRED;


--
-- Name: auth_group_permissions auth_group_permissions_group_id_b120cbf9_fk_auth_group_id; Type: FK CONSTRAINT; Schema: public; Owner: postgres
--

ALTER TABLE ONLY public.auth_group_permissions
    ADD CONSTRAINT auth_group_permissions_group_id_b120cbf9_fk_auth_group_id FOREIGN KEY (group_id) REFERENCES public.auth_group(id) DEFERRABLE INITIALLY DEFERRED;


--
-- Name: auth_permission auth_permission_content_type_id_2f476e4b_fk_django_co; Type: FK CONSTRAINT; Schema: public; Owner: postgres
--

ALTER TABLE ONLY public.auth_permission
    ADD CONSTRAINT auth_permission_content_type_id_2f476e4b_fk_django_co FOREIGN KEY (content_type_id) REFERENCES public.django_content_type(id) DEFERRABLE INITIALLY DEFERRED;


--
-- Name: auth_user_groups auth_user_groups_group_id_97559544_fk_auth_group_id; Type: FK CONSTRAINT; Schema: public; Owner: postgres
--

ALTER TABLE ONLY public.auth_user_groups
    ADD CONSTRAINT auth_user_groups_group_id_97559544_fk_auth_group_id FOREIGN KEY (group_id) REFERENCES public.auth_group(id) DEFERRABLE INITIALLY DEFERRED;


--
-- Name: auth_user_groups auth_user_groups_user_id_6a12ed8b_fk_auth_user_id; Type: FK CONSTRAINT; Schema: public; Owner: postgres
--

ALTER TABLE ONLY public.auth_user_groups
    ADD CONSTRAINT auth_user_groups_user_id_6a12ed8b_fk_auth_user_id FOREIGN KEY (user_id) REFERENCES public.auth_user(id) DEFERRABLE INITIALLY DEFERRED;


--
-- Name: auth_user_user_permissions auth_user_user_permi_permission_id_1fbb5f2c_fk_auth_perm; Type: FK CONSTRAINT; Schema: public; Owner: postgres
--

ALTER TABLE ONLY public.auth_user_user_permissions
    ADD CONSTRAINT auth_user_user_permi_permission_id_1fbb5f2c_fk_auth_perm FOREIGN KEY (permission_id) REFERENCES public.auth_permission(id) DEFERRABLE INITIALLY DEFERRED;


--
-- Name: auth_user_user_permissions auth_user_user_permissions_user_id_a95ead1b_fk_auth_user_id; Type: FK CONSTRAINT; Schema: public; Owner: postgres
--

ALTER TABLE ONLY public.auth_user_user_permissions
    ADD CONSTRAINT auth_user_user_permissions_user_id_a95ead1b_fk_auth_user_id FOREIGN KEY (user_id) REFERENCES public.auth_user(id) DEFERRABLE INITIALLY DEFERRED;


--
-- Name: django_admin_log django_admin_log_content_type_id_c4bce8eb_fk_django_co; Type: FK CONSTRAINT; Schema: public; Owner: postgres
--

ALTER TABLE ONLY public.django_admin_log
    ADD CONSTRAINT django_admin_log_content_type_id_c4bce8eb_fk_django_co FOREIGN KEY (content_type_id) REFERENCES public.django_content_type(id) DEFERRABLE INITIALLY DEFERRED;


--
-- Name: django_admin_log django_admin_log_user_id_c564eba6_fk_auth_user_id; Type: FK CONSTRAINT; Schema: public; Owner: postgres
--

ALTER TABLE ONLY public.django_admin_log
    ADD CONSTRAINT django_admin_log_user_id_c564eba6_fk_auth_user_id FOREIGN KEY (user_id) REFERENCES public.auth_user(id) DEFERRABLE INITIALLY DEFERRED;


--
-- PostgreSQL database dump complete
--

\unrestrict 4MVftlOaMBhfhRDHGNV10kb3Fg4rhpOLk1hQsCK6UMgaMkbzD66v7fReRaRpN7E

